evaluation,objective,C 1s_raw,La 4d_raw,O 1s_raw,Ti 2p_raw,reflectivity_raw,C 1s_weighted,La 4d_weighted,O 1s_weighted,Ti 2p_weighted,reflectivity_weighted,objective_total_seconds,reflectivity_simulation_seconds,rocking_curve_simulation_seconds,scoring_seconds,stack_seconds,carbon_thickness,carbon_roughness_fraction,lno_thickness,sto_thickness,superlattice_roughness,substrate_roughness,angle_offset
1.000000000000000000e+00,5.549200584758313612e-04,3.393257515864945325e-05,1.328492867727001823e-05,1.242821481694289191e-05,1.541318270615466888e-05,6.645655984440371547e-04,1.696628757932472798e-04,6.642464338635009624e-05,6.214107408471446464e-05,7.706591353077334779e-05,1.796255516807461320e-04,1.064712000079452991e-01,2.842429996235296130e-02,6.535109999822452664e-02,1.274999813176691532e-04,1.256080000894144177e-02,9.410579731734918241e+00,9.114143562238500307e-01,2.097292620126426144e+01,1.819773838057091453e+01,2.663720850951412533e+00,2.608559633929656840e+00,1.943248691982123466e-01
2.000000000000000000e+00,2.382216468494766440e-02,1.122001198201653081e-03,3.101765373326002416e-04,2.281799059916075944e-04,3.149119785431984779e-04,5.159572153080528578e-02,5.610005991008265407e-03,1.550882686663001154e-03,1.140899529958037863e-03,1.574559892715992390e-03,1.394581658460236802e-02,1.801681000506505370e-01,5.196440004510805011e-02,1.147964000119827688e-01,1.333000254817306995e-04,1.326690003043040633e-02,1.143714273417078786e+01,3.155119326950743264e-01,2.108810183247317127e+01,1.838155623625232593e+01,3.623642239554272670e+00,1.666648252614614023e+00,2.285276410219861942e-01
3.000000000000000000e+00,6.913471716086990078e-03,3.457706588868138882e-04,1.001081156318484950e-04,7.074986493887532014e-05,2.555077870273374848e-04,1.129448966256358343e-02,1.728853294434069387e-03,5.005405781592424342e-04,3.537493246943766278e-04,1.277538935136687424e-03,3.052789583662614097e-03,1.141061000525951385e-01,3.202899999450892210e-02,6.916579999960958958e-02,8.389999857172369957e-05,1.282130001345649362e-02,8.974752657520111754e+00,4.913355463431117176e-01,2.031363371951803742e+01,1.932884403775274507e+01,1.413360611852083171e+00,1.753573096129856124e+00,2.764615800555686453e-02
4.000000000000000000e+00,5.048215644370038224e-02,2.449115964622905397e-03,8.841343841132150464e-04,5.440650890982853252e-04,1.072282388314419604e-03,9.520940724062311455e-02,1.224557982311452742e-02,4.420671920566074907e-03,2.720325445491426734e-03,5.361411941572098022e-03,2.573416731295625690e-02,1.187887000269256532e-01,3.365100000519305468e-02,7.045629998901858926e-02,8.470000466331839561e-05,1.459069998236373067e-02,8.918311536242626403e+00,6.591097766312881134e-01,1.839306669957125351e+01,2.015297161252445335e+01,2.626793208644017330e+00,1.478047225293657618e+00,1.143930253756956228e-01
5.000000000000000000e+00,6.907578424829044494e-02,3.620469074057640520e-03,1.021918626657840118e-03,6.731589439991347021e-04,2.199291679436553813e-03,1.165473094477448290e-01,1.810234537028820173e-02,5.109593133289200804e-03,3.365794719995673402e-03,1.099645839718276993e-02,3.150159262753460254e-02,1.446429000352509320e-01,4.398850002326071262e-02,7.661039999220520258e-02,1.195000368170440197e-04,2.391609997721388936e-02,6.747473950428249267e+00,2.469502782352074877e-01,2.121859592668061012e+01,1.807811741138773343e+01,1.409998720975755848e+00,3.936792554636350694e+00,-1.084058059755640679e-01
6.000000000000000000e+00,1.091048751434585268e-01,4.191275607548163203e-03,1.612709678570265447e-03,1.091639626856693007e-03,2.497381936052619870e-03,2.299004800119182346e-01,2.095637803774081515e-02,8.063548392851328100e-03,5.458198134283465466e-03,1.248690968026310022e-02,6.213984089831981611e-02,1.670104999793693423e-01,4.154800000833347440e-02,1.093188999802805483e-01,1.310000079683959484e-04,1.600350002991035581e-02,9.748669301386209796e+00,1.694937087366231998e-01,2.176437243411274025e+01,2.105160269693328345e+01,3.602445949413010773e+00,4.521555610770460198e+00,-7.799087001568413835e-02
7.000000000000000000e+00,1.222212005138815505e-01,3.012158275239027339e-03,1.467511429780778143e-03,8.659630105146602988e-04,2.252414553573652521e-03,3.116316169179613738e-01,1.506079137619513626e-02,7.337557148903890714e-03,4.329815052573301494e-03,1.126207276786826347e-02,8.423096416834095768e-02,1.168028999818488955e-01,3.477780002867802978e-02,6.537900003604590893e-02,7.599993841722607613e-05,1.656309998361393809e-02,1.482967034764488368e+01,9.311929601315860339e-01,1.869563473998001513e+01,1.815163303349021362e+01,3.822046746839539377e+00,1.822114961804883082e+00,6.995441141031671917e-02
8.000000000000000000e+00,8.781154431621747414e-02,3.562323664264819851e-03,7.912023723502107416e-04,5.063574863957133422e-04,1.122635690296648267e-03,2.142103327327102291e-01,1.781161832132410056e-02,3.956011861751053925e-03,2.531787431978566819e-03,5.613178451483241335e-03,5.789894824968051801e-02,1.310749000404030085e-01,3.267380001489073038e-02,9.118839999428018928e-02,1.614000066183507442e-04,7.043400022666901350e-03,5.805456755258864732e+00,8.229307977838736798e-01,1.925053803670254382e+01,1.895916875339517560e+01,4.925069381571971050e+00,3.845890869161096237e+00,9.411911400891270763e-02
9.000000000000000000e+00,3.693833782307869018e-02,1.183573630357255373e-03,8.413338563233150897e-04,5.683454764224262976e-04,1.204351012562742502e-03,6.641128545239251280e-02,5.917868151786276863e-03,4.206669281616575232e-03,2.841727382112131488e-03,6.021755062813712728e-03,1.795031794474999040e-02,1.709090999793261290e-01,5.039599997689947486e-02,1.021884999936446548e-01,1.529000001028180122e-04,1.816159998998045921e-02,4.236127969772605972e+00,5.576379269593019217e-01,2.116149657770635883e+01,1.889662282557417328e+01,3.257878833779195737e+00,1.554296253505588865e+00,2.272746171648264424e-01
1.000000000000000000e+01,7.482014225547344022e-02,3.699289071899649565e-03,1.457520550415555925e-03,8.885677545181500450e-04,1.873883934285605060e-03,1.303185946116897642e-01,1.849644535949824739e-02,7.287602752077779189e-03,4.442838772590750225e-03,9.369419671428024649e-03,3.522383569987863616e-02,1.659974000067450106e-01,4.747700004372745752e-02,1.007853000191971660e-01,1.576999784447252750e-04,1.756710000336170197e-02,9.525717711693328482e+00,1.926303300426588927e-01,1.862087429724767418e+01,2.047586645400655669e+01,2.089549604682622075e+00,1.486239123548209751e+00,-9.458034219940139598e-02
1.100000000000000000e+01,8.811595130914526286e-02,3.650121761111755746e-03,1.026252731340947071e-03,7.210884382512277799e-04,1.364871234973711201e-03,2.009110414308360182e-01,1.825060880555877743e-02,5.131263656704735353e-03,3.605442191256138899e-03,6.824356174868555572e-03,5.430428048075706254e-02,1.745064000133424997e-01,4.909169999882578850e-02,1.059661000035703182e-01,1.686000614427030087e-04,1.926940004341304302e-02,1.366757796546075809e+01,4.420947209629855212e-01,2.152666618743796789e+01,1.876860921373357982e+01,3.712374672719197299e+00,4.224328285653514925e+00,2.079505375512897269e-01
1.200000000000000000e+01,2.639577155661748317e-02,1.131422719755122239e-03,5.211539622408734636e-04,3.309666703832004242e-04,9.863490504635349064e-04,4.271819927103492898e-02,5.657113598775610763e-03,2.605769811204367535e-03,1.654833351916002067e-03,4.931745252317674966e-03,1.154630954240382784e-02,1.702235999982804060e-01,4.981989995576441288e-02,9.873850003350526094e-02,1.550999586470425129e-04,2.149930002633482218e-02,1.099351832428683373e+01,5.070136967213589863e-01,2.065935622958749107e+01,1.900020136534080706e+01,2.457015028598027229e+00,2.769319487614394060e+00,-9.947012415092856830e-02
1.300000000000000000e+01,5.457915229541381030e-02,2.155919687400152055e-03,1.101264893491058936e-03,6.637378302316014221e-04,1.722966158820722236e-03,9.752374268959698722e-02,1.077959843700075984e-02,5.506324467455294899e-03,3.318689151158007219e-03,8.614830794103611397e-03,2.635970944569613825e-02,2.213438999606296420e-01,9.525509999366477132e-02,1.086502000107429922e-01,1.397000160068273544e-04,1.728789997287094593e-02,7.785832143771648006e+00,3.982158401061120651e-02,1.923593393194766321e+01,2.121948740823962964e+01,4.098028224092324479e+00,1.803095487890095550e+00,1.979483065865128566e-01
1.400000000000000000e+01,1.707379792911470906e-01,5.919879204012364581e-03,1.884707753404972963e-03,1.110928672908666247e-03,3.030115389427821913e-03,4.107061025409932675e-01,2.959939602006182377e-02,9.423538767024864163e-03,5.554643364543331019e-03,1.515057694713910913e-02,1.110098241923779538e-01,1.627534000435844064e-01,4.882229998474940658e-02,8.983820001594722271e-02,1.425000373274087906e-04,2.393889997620135546e-02,5.718365955658042843e+00,1.938942417023165610e-01,1.853401773773894590e+01,1.828266606694638696e+01,1.898465996498438946e+00,1.509409643152618496e+00,1.703810282436721835e-01
1.500000000000000000e+01,5.352804151782038916e-02,2.338869394207178983e-03,6.510882880981981547e-04,4.099189765540112141e-04,9.294551622744702665e-04,1.179524281690789850e-01,1.169434697103589535e-02,3.255441440490990882e-03,2.049594882770055908e-03,4.647275811372351441e-03,3.188138241215109775e-02,1.674266000045463443e-01,4.601600003661587834e-02,9.979099995689466596e-02,1.934000174514949322e-04,2.141620003385469317e-02,9.131757255231203629e+00,1.397213931749066440e-01,1.871506716061131925e+01,1.975044628973483896e+01,4.758908341474594295e+00,3.624673024345725914e+00,7.916420888098762987e-02
1.600000000000000000e+01,4.804869280634700701e-02,1.519331959568227895e-03,9.718535222495052047e-04,6.016196026323973947e-04,1.717934900451450553e-03,8.877493572028970215e-02,7.596659797841139039e-03,4.859267611247526132e-03,3.008098013161986974e-03,8.589674502257253416e-03,2.399499288183910145e-02,1.696961999987252057e-01,4.827959998510777950e-02,1.006650000344961882e-01,1.449999981559813023e-04,2.059570001438260078e-02,1.503348656841829190e+01,2.113646827877673773e-01,2.026121600903781683e+01,1.853928973749744102e+01,2.996237543129481207e+00,1.794449967708800164e+00,-2.296351183752265435e-02
1.700000000000000000e+01,2.944240525536965733e-02,1.080940504599161136e-03,7.529608681357726071e-05,5.827966317099689297e-05,3.832248863293849018e-05,8.575306730216911144e-02,5.404702522995805461e-03,3.764804340678862900e-04,2.913983158549844784e-04,1.916124431646924644e-04,2.317821153928628988e-02,1.671367000089958310e-01,4.570389998843893409e-02,1.015764999901875854e-01,1.553999609313905239e-04,1.969009998720139265e-02,1.491037330979087550e+01,7.522102688922029101e-02,2.069898504496565650e+01,1.855115643497954281e+01,3.193251992874641232e+00,1.179838047209948559e+00,2.088561860991973163e-01
1.800000000000000000e+01,9.270877563291091139e-02,3.976895167014988033e-03,1.351315891085971355e-03,7.799302323175776866e-04,2.076412833955088282e-03,1.915941083502235298e-01,1.988447583507493843e-02,6.756579455429856558e-03,3.899651161587888541e-03,1.038206416977544184e-02,5.178600501104278081e-02,1.745205000042915344e-01,4.972239997005090117e-02,1.024831999675370753e-01,1.364999916404485703e-04,2.216860000044107437e-02,1.347245950856433794e+01,9.007319686817857329e-01,1.896782857411416501e+01,2.180213409466790964e+01,3.495430842888511247e+00,4.319457039009714450e+00,1.958306862068263654e-01
1.900000000000000000e+01,1.335762197137268237e-01,3.773709542097708394e-03,1.301106463946862706e-03,8.003273156610285488e-04,1.891007102589280708e-03,3.505324146879402747e-01,1.886854771048854240e-02,6.505532319734313312e-03,4.001636578305142744e-03,9.455035512946402890e-03,9.474546759225241366e-02,1.815274999826215208e-01,4.600039997603744268e-02,1.168967999983578920e-01,1.543000107631087303e-04,1.846589997876435518e-02,1.071210982618548968e+01,7.611245098356108629e-01,1.906791816776659587e+01,1.899677431436274233e+01,4.934084555849279852e+00,1.336540010973231940e+00,-2.215503032773125658e-01
2.000000000000000000e+01,1.472874722528843411e-02,9.391361171708425019e-04,8.152226292595839965e-05,5.678056127306486516e-05,3.063111572901616644e-04,2.889485990982270172e-02,4.695680585854212184e-03,4.076113146297919983e-04,2.839028063653243326e-04,1.531555786450808322e-03,7.809996731988297705e-03,1.741057000472210348e-01,4.881060001207515597e-02,1.015400000032968819e-01,1.710000797174870968e-04,2.357159997336566448e-02,5.067463068176642160e+00,2.612062263816335439e-01,2.071209968258172296e+01,1.862498698821424270e+01,1.377316470648865643e+00,3.288336144611152534e+00,9.351885781149993360e-02
2.100000000000000000e+01,9.209056326480016819e-02,3.788526098121249800e-03,1.814178331023524838e-03,1.127102041270288887e-03,2.882444720339147337e-03,1.628964403362601898e-01,1.894263049060624857e-02,9.070891655117624408e-03,5.635510206351444437e-03,1.441222360169573669e-02,4.402930731102911582e-02,1.821913000312633812e-01,5.433770001400262117e-02,1.047705999808385968e-01,1.667000469751656055e-04,2.290499996161088347e-02,4.072466413040038091e+00,1.724422981873108621e-02,2.073624123722005663e+01,2.102784306987405571e+01,1.360275951259154237e+00,4.525556994631262597e+00,8.416191298065789361e-02
2.200000000000000000e+01,1.840852277990295480e-02,6.562361712556177970e-04,3.623873781679293020e-04,1.982610190086937394e-04,7.215755475923885500e-04,3.224764722038574172e-02,3.281180856278089093e-03,1.811936890839646510e-03,9.913050950434688056e-04,3.607877737961942641e-03,8.716222199779806445e-03,1.820257999934256077e-01,5.352790001779794693e-02,1.065246000071056187e-01,1.894999877549707890e-04,2.177020005183294415e-02,9.461248644230558114e+00,6.947135957193246725e-01,1.863597290986917088e+01,2.178050951389865020e+01,3.752077645477104539e+00,2.346835831816171947e+00,5.328425958790988792e-02
2.300000000000000000e+01,2.810640034122644654e-02,9.080085097994244339e-04,5.695397472051732737e-05,3.846368183560701869e-05,4.411877257946727918e-05,8.460786883864036823e-02,4.540042548997122278e-03,2.847698736025866301e-04,1.923184091780350935e-04,2.205938628973363959e-04,2.286867564655136603e-02,1.791455000056885183e-01,5.648540001129731536e-02,1.039265000144951046e-01,1.554000191390514374e-04,1.856679999036714435e-02,1.592826995792592015e+01,6.877620918432724162e-01,2.168002512330234310e+01,1.885636860664868308e+01,4.407770718289065748e+00,3.472617229330539956e+00,-1.350426799661636756e-01
2.400000000000000000e+01,1.752787931100412838e-02,7.055124330497765297e-04,8.524557213936104593e-06,5.708932946243355491e-06,7.678128879179286020e-06,5.139202365643059239e-02,3.527562165248882865e-03,4.262278606968052466e-05,2.854466473121677661e-05,3.839064439589642841e-05,1.389075905055845057e-02,1.649740999564528465e-01,4.941279999911785126e-02,9.779939998406916857e-02,1.689000055193901062e-04,1.758159999735653400e-02,1.595132312630481408e+01,1.913110110988763268e-01,2.021676151697983315e+01,2.053495477624021248e+01,2.904071229134965293e+00,2.159970674764577936e+00,-1.440442782342496175e-01
2.500000000000000000e+01,2.403448404981439745e-02,1.337164189183397090e-03,4.043212194567384469e-04,2.474261131490890827e-04,5.404666562625367980e-04,4.213099190012658396e-02,6.685820945916985669e-03,2.021606097283692397e-03,1.237130565745445413e-03,2.702333281312683990e-03,1.138759315955559064e-02,1.708219999563880265e-01,5.023069999879226089e-02,1.019897999940440059e-01,1.776999561116099358e-04,1.841289998264983296e-02,1.130781275537982644e+01,4.388528815995668131e-01,2.018663736494374561e+01,1.955929720969900387e+01,1.514102117204627618e+00,4.444295203221118484e+00,1.962629204926091275e-01
2.600000000000000000e+01,8.419724112800064386e-02,3.736661198737268458e-03,1.664921984374276732e-03,1.120738876259306680e-03,2.621514854257932757e-03,1.423583251124156956e-01,1.868330599368634229e-02,8.324609921871383225e-03,5.603694381296533619e-03,1.310757427128966465e-02,3.847805655985671314e-02,1.818398000323213637e-01,5.043969996040686965e-02,1.033271999913267791e-01,1.458000042475759983e-04,2.791639999486505985e-02,4.968883076261306542e+00,3.455066804843699990e-01,2.160050489230340887e+01,1.962976684588787180e+01,1.194974414360327586e+00,1.764437618993612622e+00,1.489732980328490330e-01
2.700000000000000000e+01,1.774689585151054128e-01,3.920652794129735226e-03,2.076672613565971794e-03,1.224200761999606367e-03,3.185639649407972368e-03,4.640684019475867506e-01,1.960326397064867526e-02,1.038336306782985941e-02,6.121003809998032050e-03,1.592819824703986184e-02,1.254331294195889790e-01,1.514407000504434109e-01,4.526809998787939548e-02,8.922739996341988444e-02,1.833000569604337215e-04,1.675099995918571949e-02,1.577339508419517600e+01,2.899433792195716536e-02,1.822722854790374569e+01,1.854568747158243980e+01,2.327047717806334681e+00,4.395855373299075275e+00,-1.947767022304591755e-01
2.800000000000000000e+01,2.679234787711963755e-03,1.414007543352521616e-04,3.803445450975646635e-05,2.285997922555679034e-05,3.758347075528914330e-05,5.475010312191090460e-03,7.070037716762607536e-04,1.901722725487823250e-04,1.142998961277839551e-04,1.879173537764457030e-04,1.479841493582690964e-03,1.737080000457353890e-01,4.879369999980553985e-02,1.091963000362738967e-01,1.505000400356948376e-04,1.555740000912919641e-02,7.504668691889517795e+00,6.764573766600510130e-01,2.129354843484059145e+01,1.909144629108300251e+01,4.240964061148604358e+00,3.818697756885691685e+00,-9.208542359847507464e-02
2.900000000000000000e+01,1.255683332581255529e-01,4.339807857059351653e-03,1.670861705530032448e-03,1.076887943230188946e-03,2.572465453010782440e-03,2.858713549589028680e-01,2.169903928529675827e-02,8.354308527650162672e-03,5.384439716150944515e-03,1.286232726505391263e-02,7.726821846397377569e-02,1.795762999681755900e-01,5.040770000778138638e-02,1.117171000223606825e-01,1.544999540783464909e-04,1.728690002346411347e-02,1.026948386383034340e+01,2.631827074985188530e-01,2.072218030215007190e+01,2.168121759673741877e+01,4.067034159028582785e+00,2.309900381318671592e+00,7.618248550428380339e-02
3.000000000000000000e+01,2.308228548722658993e-02,1.330759113545321518e-03,1.561156965805173534e-04,9.453589459525119163e-05,1.992210583315700114e-04,5.245890528378056167e-02,6.653795567726607588e-03,7.805784829025867125e-04,4.726794729762559717e-04,9.961052916578499485e-04,1.417912667196328906e-02,1.709767999709583819e-01,4.912989999866113067e-02,1.053365000407211483e-01,1.667999895289540291e-04,1.633379998384043574e-02,1.563647990991052872e+01,6.665092100319819357e-01,2.029879013210204164e+01,2.042801121994735780e+01,2.109247486887850798e+00,2.577607116902594697e+00,-7.258179653792976027e-02
3.100000000000000000e+01,5.041991050027391785e-02,3.047090136198592897e-03,4.926325695041057755e-04,3.061971774348361611e-04,8.966011025557594745e-04,9.880975364630403823e-02,1.523545068099296448e-02,2.463162847520529095e-03,1.530985887174180805e-03,4.483005512778797698e-03,2.670730557180744230e-02,1.610805000527761877e-01,4.725030000554397702e-02,9.535660000983625650e-02,1.426999806426465511e-04,1.832059997832402587e-02,4.136924444992244432e+00,6.041280287511664737e-02,1.979631911930063026e+01,1.844632860977599975e+01,2.137821142962576637e+00,1.791440297119454295e+00,2.415156245652375633e-01
3.200000000000000000e+01,1.376309305504050048e-02,9.134042558573958557e-04,1.365376531440237432e-05,5.845899790392279264e-06,5.367019302631545095e-05,3.266941721427786549e-02,4.567021279286979062e-03,6.826882657201187668e-05,2.922949895196139632e-05,2.683509651315772412e-04,8.830222485097970891e-03,1.788429999724030495e-01,5.204340000636875629e-02,1.019984000013209879e-01,1.708999625407159328e-04,2.461829996900632977e-02,4.000000000000000000e+00,9.019881356451123766e-01,2.146867795731298756e+01,1.964780158192509418e+01,4.497854001628782683e+00,4.164987839994896746e+00,-2.500000000000000000e-01
3.300000000000000000e+01,7.556727407331326717e-03,1.419636303160542567e-04,3.047870946242456754e-05,1.309953339861446134e-05,2.096078236572756039e-04,2.064810136012846034e-02,7.098181515802713107e-04,1.523935473121228309e-04,6.549766699307230501e-05,1.048039118286378047e-03,5.580978923159482345e-03,1.647693000268191099e-01,4.878250003093853593e-02,9.872370003722608089e-02,1.727999770082533360e-04,1.707990001887083054e-02,9.147959940778079613e+00,0.000000000000000000e+00,1.800000000000000000e+01,2.200000000000000000e+01,4.923279792651504394e+00,3.640594049039855840e+00,-3.198927800613629580e-02
3.400000000000000000e+01,4.248523961105223762e-02,1.868347989646203765e-03,7.201030466928164293e-04,4.679596478247348250e-04,7.689178530484422520e-04,8.642044407946991580e-02,9.341739948231019691e-03,3.600515233464082147e-03,2.339798239123674125e-03,3.844589265242211260e-03,2.335859692499124909e-02,1.629580000299029052e-01,5.347859999164938927e-02,9.147549996851012111e-02,1.600999967195093632e-04,1.783339999383315444e-02,1.140229957289316509e+01,1.000000000000000000e+00,1.800000000000000000e+01,2.200000000000000000e+01,4.141243026766938229e+00,1.165812046710872130e+00,-2.224157064138000683e-01
3.500000000000000000e+01,1.657347885658007683e-02,3.603608946197104507e-04,9.649215027498216589e-05,4.379216808932774536e-05,2.720643117733997159e-04,4.702328247217293228e-02,1.801804473098552253e-03,4.824607513749108430e-04,2.189608404466387200e-04,1.360321558866998525e-03,1.270993123279297657e-02,1.618230000021867454e-01,4.644970002118498087e-02,9.589300001971423626e-02,1.618000096641480923e-04,1.930819998960942030e-02,4.000000000000000000e+00,1.000000000000000000e+00,2.089375428705437798e+01,1.800000000000000000e+01,5.000000000000000000e+00,3.671615563124375203e+00,2.500000000000000000e-01
3.600000000000000000e+01,5.289580681680497096e-03,6.468504847974687730e-05,8.152292846908770166e-05,5.434253818630230227e-05,1.509698898727100625e-04,1.306735866740257358e-02,3.234252423987344000e-04,4.076146423454384948e-04,2.717126909315115114e-04,7.548494493635503127e-04,3.531978656641262485e-03,1.690369999851100147e-01,4.710740002337843180e-02,1.006585999857634306e-01,1.271999790333211422e-04,2.113389997975900769e-02,8.344536970884007587e+00,1.000000000000000000e+00,2.066334614786562440e+01,1.889683546812857884e+01,4.859796057937373348e+00,1.000000000000000000e+00,9.245319439616411783e-02
3.700000000000000000e+01,2.892987772109164787e-02,3.086113125783406289e-04,1.742711944465772332e-04,7.464310658676496417e-05,5.000063075777295583e-04,8.746976520445474967e-02,1.543056562891703199e-03,8.713559722328861933e-04,3.732155329338248209e-04,2.500031537888647900e-03,2.364221811514458441e-02,2.402777999523095787e-01,4.930820001754909754e-02,1.657029999769292772e-01,1.552999601699411869e-04,2.510209998581558466e-02,4.000000000000000000e+00,6.338078656427335034e-01,1.800000000000000000e+01,2.200000000000000000e+01,4.821160152084544848e+00,1.071138722985695013e+00,6.328071083546094044e-02
3.800000000000000000e+01,1.475962332211388020e-02,6.616915535061195777e-04,1.068308848676712068e-05,1.059278486130085898e-05,2.696057804172834681e-06,4.192274437206539722e-02,3.308457767530597997e-03,5.341544243383560339e-05,5.296392430650429488e-05,1.348028902086417341e-05,1.133130589882207738e-02,1.706397000234574080e-01,4.409899999154731631e-02,1.072119000018574297e-01,1.759000006131827831e-04,1.913760002935305238e-02,1.600000000000000000e+01,8.597490147409757588e-01,2.133275858662413071e+01,1.988704890446260265e+01,3.203135537347404416e+00,3.397126294836104954e+00,-2.500000000000000000e-01
3.900000000000000000e+01,1.939910928369002752e-02,3.450659041796503451e-04,2.612587490591839813e-04,1.332030409478621852e-04,6.185842919485573825e-04,4.664819714062386213e-02,1.725329520898251671e-03,1.306293745295919852e-03,6.660152047393109532e-04,3.092921459742787021e-03,1.260854935301375900e-02,1.700852999929338694e-01,4.781119996914640069e-02,1.046805999940261245e-01,1.565999700687825680e-04,1.742839999496936798e-02,4.000000000000000000e+00,7.848092770054226897e-01,1.969441049919962339e+01,2.200000000000000000e+01,4.782057928956187531e+00,1.901938154553086902e+00,-2.500000000000000000e-01
4.000000000000000000e+01,8.653088284557497109e-03,3.100808924225195761e-04,1.431655274187228742e-04,5.705787098328110309e-05,1.999993913706213974e-04,1.887441850181021188e-02,1.550404462112597772e-03,7.158276370936143438e-04,2.852893549164054951e-04,9.999969568531069056e-04,5.101569873581772267e-03,2.024193000397644937e-01,5.799439997645094991e-02,1.250504000345245004e-01,1.721999724395573139e-04,1.919179997639730573e-02,6.610575373084673245e+00,0.000000000000000000e+00,1.888093552560675548e+01,2.200000000000000000e+01,1.432752798304804953e+00,1.172193631385662460e+00,-1.206493666680519550e-01
4.100000000000000000e+01,9.028809673424134652e-03,1.017090279659293344e-03,5.304721922774717079e-05,1.717307977987689261e-04,1.050186530162567267e-04,8.488562071282268126e-03,5.085451398296466502e-03,2.652360961387358268e-04,8.586539889938446307e-04,5.250932650812836604e-04,2.294374924913803598e-03,1.885194000205956399e-01,5.158379999920725822e-02,1.150581000256352127e-01,1.798000303097069263e-04,2.168780000647529960e-02,8.001286096424818695e+00,1.000000000000000000e+00,2.088075387894158652e+01,1.958244649909380186e+01,1.233172104058987806e+00,2.386212142646322754e+00,-7.825458737930779396e-02
4.200000000000000000e+01,8.873350116976473981e-03,5.936983236001858524e-04,3.298214337394378382e-05,1.840777917989638038e-05,5.167375905548499587e-05,1.993982984242784542e-02,2.968491618000929262e-03,1.649107168697189056e-04,9.203889589948189513e-05,2.583687952774249997e-04,5.389540090928918864e-03,1.772735000122338533e-01,4.960549995303153992e-02,1.106530000106431544e-01,1.468000118620693684e-04,1.685880002332851291e-02,7.115678643142619997e+00,1.000000000000000000e+00,2.048859816134430289e+01,2.047954979955369836e+01,3.983556635800946211e+00,2.101477436776371555e+00,-2.500000000000000000e-01
4.300000000000000000e+01,2.483820961793639995e-02,1.545171569269010317e-03,1.010382803542312621e-04,7.079822637123659758e-05,1.723752506831365775e-04,5.694359036003592001e-02,7.725857846345051370e-03,5.051914017711562699e-04,3.539911318561829879e-04,8.618762534156828876e-04,1.539129298454832741e-02,1.729976000497117639e-01,4.832820000592619181e-02,1.056054999935440719e-01,1.589999883435666561e-04,1.889489998575299978e-02,4.947220038450423019e+00,0.000000000000000000e+00,2.079017564789578643e+01,1.992846802264849515e+01,4.738555585172452567e+00,3.650921187469262197e+00,-2.500000000000000000e-01
4.400000000000000000e+01,4.419500434219122281e-03,1.448686438496542923e-04,4.747388601038015801e-06,2.778492413354587115e-06,7.732075292702644955e-06,1.338882346685871423e-02,7.243432192482714615e-04,2.373694300519007985e-05,1.389246206677293600e-05,3.866037646351322139e-05,3.618867433435374835e-03,1.348037000279873610e-01,4.022070002974942327e-02,7.663229998433962464e-02,1.208999892696738243e-04,1.782200002344325185e-02,1.325658453376170343e+01,0.000000000000000000e+00,1.992850654710613867e+01,2.128945227734630663e+01,3.087221858275430719e+00,4.833050057960790014e+00,-2.500000000000000000e-01
4.500000000000000000e+01,4.920739185673866922e-02,2.000862163879811150e-03,1.169971756941614108e-03,6.915969840788687914e-04,1.830287117296803667e-03,7.674641437245248443e-02,1.000431081939905618e-02,5.849858784708070539e-03,3.457984920394343957e-03,9.151435586484018767e-03,2.074380174575317717e-02,1.303776000277139246e-01,4.235529998550191522e-02,7.533079996937885880e-02,1.199000398628413677e-04,1.256329996977001429e-02,5.410386694191958945e+00,0.000000000000000000e+00,2.053981283046397266e+01,2.200000000000000000e+01,1.456328075207141470e+00,2.208088174980100682e+00,-2.500000000000000000e-01
4.600000000000000000e+01,1.107866830170383191e-02,2.242057525514348771e-04,1.087380818789682168e-05,8.768100663073796403e-06,9.891181440804069599e-05,3.464747075696927164e-02,1.121028762757174304e-03,5.436904093948411007e-05,4.384050331536898371e-05,4.945590720402034393e-04,9.364870922651601787e-03,1.325528000015765429e-01,3.532379999523982406e-02,8.219129999633878469e-02,1.407000236213207245e-04,1.489029999356716871e-02,1.461813240905341615e+01,0.000000000000000000e+00,1.904341281988387280e+01,2.200000000000000000e+01,4.388834294511594791e+00,3.546800537136024722e+00,-2.500000000000000000e-01
4.700000000000000000e+01,3.592208786407245780e-02,3.837929003275754574e-03,6.660487038535126407e-05,1.662488072896744519e-04,3.032542140602601660e-04,5.198821380155025512e-02,1.918964501637877157e-02,3.330243519267563068e-04,8.312440364483722867e-04,1.516271070301300830e-03,1.405190338901725344e-02,1.116215000511147082e-01,3.581319999648258090e-02,6.531709997216239572e-02,7.740006549283862114e-05,1.040680002188310027e-02,5.609614150699453461e+00,1.000000000000000000e+00,1.969850569148868757e+01,2.116089058295741410e+01,1.065101529092671750e+00,3.069464707362645761e+00,-2.500000000000000000e-01
4.800000000000000000e+01,1.914625635344191154e-02,8.787965797149783261e-04,4.909431676963878688e-05,3.773866480709829813e-05,2.068059627292498864e-05,5.259053749608472161e-02,4.393982898574891847e-03,2.454715838481939479e-04,1.886933240354915042e-04,1.034029813646249500e-04,1.421470556561871094e-02,1.260634000063873827e-01,3.650560003006830812e-02,7.515210000565275550e-02,1.145999412983655930e-04,1.428479998139664531e-02,1.510247499462672494e+01,1.000000000000000000e+00,2.046280322126244755e+01,1.854498203338791029e+01,3.255263806754488787e+00,2.762502639360582268e+00,2.500000000000000000e-01
4.900000000000000000e+01,1.130507062849190648e-02,6.969870848249640422e-04,2.342985130197580755e-04,1.201937498253404960e-04,5.428558381912592041e-04,1.233265213320822867e-02,3.484935424124820103e-03,1.171492565098790350e-03,6.009687491267025209e-04,2.714279190956295912e-03,3.333394699185298141e-03,1.168202999979257584e-01,3.500440000789240003e-02,6.751610001083463430e-02,1.501999795436859131e-04,1.414159999694675207e-02,1.034320586393909025e+01,1.000000000000000000e+00,2.053531177845897204e+01,1.800000000000000000e+01,1.000000000000000000e+00,3.580769798124469716e+00,2.500000000000000000e-01
5.000000000000000000e+01,5.412722359012173308e-03,1.518377024822491455e-04,1.677271367782623022e-04,1.138039112456267204e-04,2.201854087462740985e-04,7.935736344827016425e-03,7.591885124112457547e-04,8.386356838913115383e-04,5.690195562281335747e-04,1.100927043731370547e-03,2.144951562750111677e-03,1.304056000080890954e-01,4.121320002013817430e-02,7.031239999923855066e-02,9.829999180510640144e-05,1.877530000638216734e-02,9.574928788638825239e+00,1.000000000000000000e+00,2.200000000000000000e+01,1.933966405978448933e+01,5.000000000000000000e+00,1.000000000000000000e+00,-2.500000000000000000e-01
5.100000000000000000e+01,2.563313615281895969e-02,1.118438601606007226e-03,5.356976983450935760e-04,3.180681415737829885e-04,8.992725307710216489e-04,4.171720746140557268e-02,5.592193008030036348e-03,2.678488491725467772e-03,1.590340707868914943e-03,4.496362653855108353e-03,1.127575129133943400e-02,1.483197999768890440e-01,5.667560000438243151e-02,7.203909999225288630e-02,1.218999968841671944e-04,1.947450003353878856e-02,1.155743733292021069e+01,1.000000000000000000e+00,1.926532132365750272e+01,2.200000000000000000e+01,5.000000000000000000e+00,5.000000000000000000e+00,-1.319540197459346809e-01
5.200000000000000000e+01,3.474613796866615756e-02,7.801149239827728267e-04,6.383114390135473252e-05,3.650829854701353712e-05,2.194309669531451900e-04,1.082048629323560246e-01,3.900574619913864133e-03,3.191557195067736626e-04,1.825414927350676856e-04,1.097154834765725869e-03,2.924671130174472805e-02,1.299150999984703958e-01,3.306200000224635005e-02,8.536249998724088073e-02,1.486999681219458580e-04,1.133549999212846160e-02,1.520071389561865871e+01,0.000000000000000000e+00,1.800000000000000000e+01,2.098056546706397540e+01,4.472099233215228509e+00,4.245088469583271795e+00,2.500000000000000000e-01
5.300000000000000000e+01,4.951959816178397311e-02,6.911001149002588429e-04,7.356428910874103228e-05,4.788220977377697588e-05,1.684640565380792095e-04,1.650616596228021704e-01,3.455500574501293998e-03,3.678214455437051750e-04,2.394110488688848794e-04,8.423202826903960745e-04,4.461454481017969320e-02,1.218758000177331269e-01,3.883360000327229500e-02,6.463390000863000751e-02,3.199999919161200523e-04,1.808059995528310537e-02,1.600000000000000000e+01,0.000000000000000000e+00,1.900086153164568969e+01,1.961994862141920848e+01,5.000000000000000000e+00,1.000000000000000000e+00,2.500000000000000000e-01
5.400000000000000000e+01,2.953087189574462798e-02,1.145249400167830823e-03,1.374824223520126258e-04,8.541407619278061983e-05,2.540076962419503736e-04,7.924854814795205538e-02,5.726247000839153681e-03,6.874121117600631020e-04,4.270703809639030991e-04,1.270038481209751977e-03,2.142010392097175656e-02,1.343561999965459108e-01,3.770519996760413051e-02,8.172039996134117246e-02,1.446000533178448677e-04,1.477860001614317298e-02,1.600000000000000000e+01,1.000000000000000000e+00,2.044346235154602809e+01,2.088361354093801125e+01,5.000000000000000000e+00,3.670815989593561923e+00,-2.500000000000000000e-01
5.500000000000000000e+01,1.376596583984972082e-02,5.301616812431357096e-04,4.136110822976886913e-05,2.022104248155010245e-05,1.139521685852902414e-04,3.787590817825649270e-02,2.650808406215678439e-03,2.068055411488443321e-04,1.011052124077505156e-04,5.697608429264511797e-04,1.023748583715099712e-02,1.630487999645993114e-01,4.177409998374059796e-02,1.042822999879717827e-01,1.482999650761485100e-04,1.683610002510249615e-02,4.035123051102538660e+00,1.000000000000000000e+00,2.071985023980609952e+01,1.928302395595887120e+01,4.470649053167406350e+00,1.218233088692048938e+00,1.922736470819358390e-02
5.600000000000000000e+01,3.579457145445547744e-02,1.056606168186752584e-03,5.880916554000824087e-04,3.408724935570663496e-04,1.136083063039619720e-03,7.468382666313858054e-02,5.283030840933762920e-03,2.940458277000412152e-03,1.704362467785331802e-03,5.680415315198098815e-03,2.018630455353787045e-02,1.169447000138461590e-01,3.253279998898506165e-02,6.830450001871213317e-02,8.829997386783361435e-05,1.601299998583272099e-02,1.497206688661870011e+01,1.000000000000000000e+00,2.200000000000000000e+01,1.800000000000000000e+01,4.121251887267123770e+00,3.992212579109905235e+00,-2.500000000000000000e-01
5.700000000000000000e+01,2.268771808060106310e-02,8.373022054999659488e-04,4.310124821195951005e-04,2.677156633313176838e-04,8.383928582171299359e-04,4.001478058944740041e-02,4.186511027499830069e-03,2.155062410597975448e-03,1.338578316656588527e-03,4.191964291085649788e-03,1.081560203476101753e-02,1.133096999838016927e-01,3.400929999770596623e-02,6.657150003593415022e-02,8.309993427246809006e-05,1.264009997248649597e-02,1.155358634302841736e+01,1.000000000000000000e+00,2.124930687454940070e+01,1.912090958748470015e+01,2.992146997556915711e+00,1.246717410918985358e+00,-2.500000000000000000e-01
5.800000000000000000e+01,2.518818285688602734e-02,1.141574907882291282e-03,3.894027738662629102e-04,2.238344780061581865e-04,7.477408772290016718e-04,4.689559170106698260e-02,5.707874539411456408e-03,1.947013869331314442e-03,1.119172390030790960e-03,3.738704386145008142e-03,1.267541767196745696e-02,1.135538999806158245e-01,3.276199998799711466e-02,7.267260004300624132e-02,1.555999624542891979e-04,7.951499952469021082e-03,9.207253467003575054e+00,1.000000000000000000e+00,2.071016920493201141e+01,1.800000000000000000e+01,3.343562073077999131e+00,1.316347066323052539e+00,1.195868451790697007e-01
5.900000000000000000e+01,6.263645366370083553e-03,2.008292559521308255e-04,4.616811982457527268e-05,5.172015440007945899e-05,1.491972922563487890e-04,1.488796719736645673e-02,1.004146279760654127e-03,2.308405991228763702e-04,2.586007720003973085e-04,7.459864612817439450e-04,4.024071254204411585e-03,1.579792999546043575e-01,3.692230000160634518e-02,1.047512999502941966e-01,8.715000585652887821e-04,1.542490004794672132e-02,6.044928260529045971e+00,0.000000000000000000e+00,2.200000000000000000e+01,1.935334184624801424e+01,1.137806641794646856e+00,4.016183372780471217e+00,-2.500000000000000000e-01
6.000000000000000000e+01,1.394034960312532344e-02,6.406853318042800109e-04,2.530774867473549765e-04,1.773108970509476784e-04,2.488841074198559940e-04,2.715807371493237851e-02,3.203426659021400055e-03,1.265387433736774991e-03,8.865544852547384194e-04,1.244420537099279970e-03,7.340560488013130221e-03,1.326581999892368913e-01,3.753690002486109734e-02,8.376559999305754900e-02,1.193999778479337692e-04,1.122889999533072114e-02,1.095390282697600703e+01,0.000000000000000000e+00,1.800000000000000000e+01,2.139004785557593635e+01,3.754264756782608181e+00,2.403433384455358812e+00,2.165983981475250175e-02
6.100000000000000000e+01,9.879691360965777575e-03,4.103801908850204750e-04,4.981567390667614636e-05,2.598184653750483644e-05,1.900210460201900888e-04,2.404341031722198249e-02,2.051900954425102484e-03,2.490783695333807454e-04,1.299092326875241890e-04,9.501052301009504713e-04,6.498697574218819523e-03,1.189255000208504498e-01,3.811379999388009310e-02,6.517610000446438789e-02,9.319995297119021416e-05,1.553650002460926771e-02,5.366511900387615164e+00,0.000000000000000000e+00,1.915023604859418072e+01,2.144150054804197225e+01,3.724035886483527680e+00,3.819525785344591640e+00,-7.308424245174549583e-02
6.200000000000000000e+01,3.541315498229155589e-02,1.780723155925121454e-03,4.549444513078880741e-04,3.336599936560592197e-04,5.507233633660859511e-04,7.330233215271882152e-02,8.903615779625607268e-03,2.274722256539440587e-03,1.668299968280296044e-03,2.753616816830429647e-03,1.981290016101578538e-02,1.384309999994002283e-01,5.768630001693964005e-02,6.867149996105581522e-02,8.520000847056508064e-05,1.198259997181594372e-02,1.280717401970386149e+01,0.000000000000000000e+00,2.200000000000000000e+01,1.991744418374636538e+01,2.678589841282207118e+00,3.868672792788713899e+00,-2.500000000000000000e-01
6.300000000000000000e+01,3.188427089859645087e-03,1.217787986455318134e-04,8.206590288168698474e-05,3.489954703671158912e-05,6.843655252742380439e-05,6.113885147479816880e-03,6.088939932276590805e-04,4.103295144084349237e-04,1.744977351835579320e-04,3.421827626371190490e-04,1.652523084402874156e-03,1.273263999610207975e-01,3.411599999526515603e-02,8.166659995913505554e-02,1.764000044204294682e-04,1.121589995454996824e-02,9.059769739634926822e+00,0.000000000000000000e+00,1.850621514835561499e+01,2.200000000000000000e+01,1.761076813679387953e+00,4.918754820870059774e+00,-7.560282731661166489e-02
6.400000000000000000e+01,1.031817129907373377e-02,2.342734849882151271e-04,1.788771811053663555e-04,9.324861588798676797e-05,3.654684890311564764e-04,2.204605643310485891e-02,1.171367424941075581e-03,8.943859055268318318e-04,4.662430794399338263e-04,1.827342445155782490e-03,5.958832444010109773e-03,1.205134000047110021e-01,3.444769995985552669e-02,7.341479999013245106e-02,1.093000173568725586e-04,1.253329997416585684e-02,4.000000000000000000e+00,1.000000000000000000e+00,2.200000000000000000e+01,1.894758155803955191e+01,5.000000000000000000e+00,5.000000000000000000e+00,-1.462239338632906061e-01
6.500000000000000000e+01,3.523633260530550232e-02,7.004468968667877269e-04,9.157057730488697928e-05,4.380679408167629613e-05,2.371061770217391214e-04,1.105170782319191136e-01,3.502234484333938743e-03,4.578528865244348828e-04,2.190339704083814874e-04,1.185530885108695715e-03,2.987168037893005168e-02,1.241166000254452229e-01,4.041469999356195331e-02,7.439309998881071806e-02,1.179000246338546276e-04,9.184899972751736641e-03,1.600000000000000000e+01,0.000000000000000000e+00,1.800000000000000000e+01,2.200000000000000000e+01,5.000000000000000000e+00,5.000000000000000000e+00,-1.952557969096524459e-02
6.600000000000000000e+01,1.765253984391984207e-02,5.771252418274946082e-04,4.354312425279259773e-04,3.326569397024266793e-04,5.336322009440684893e-04,3.055350320854867407e-02,2.885626209137473041e-03,2.177156212639629832e-03,1.663284698512133451e-03,2.668161004720342663e-03,8.258311718910262000e-03,1.152837999979965389e-01,3.451099997619166970e-02,6.868660001782700419e-02,1.627000165171921253e-04,1.191539998399093747e-02,4.000000000000000000e+00,3.518280461451878116e-01,2.200000000000000000e+01,1.800000000000000000e+01,1.647416716044366236e+00,1.000000000000000000e+00,1.457619475503489914e-01
6.700000000000000000e+01,3.936888951092776950e-03,4.354292052945840207e-05,9.455517600990628066e-05,5.608046452674482040e-05,2.021911602661507492e-04,7.233116582369866245e-03,2.177146026472920239e-04,4.727758800495313898e-04,2.804023226337241156e-04,1.010955801330753719e-03,1.955040344431475865e-03,1.278222999535501003e-01,3.664070001104846597e-02,7.736199995269998908e-02,4.354999982751905918e-04,1.337309996597468853e-02,9.126365879892293975e+00,0.000000000000000000e+00,2.027524891341499469e+01,2.023567613291283607e+01,4.942480663530307794e+00,4.746604917307420735e+00,-9.746500407756131246e-02
6.800000000000000000e+01,2.168861762453977438e-02,8.878632012341156543e-04,3.003370990507803285e-05,1.225895808016499465e-05,7.136944508284850724e-05,6.171512180794001129e-02,4.439316006170578380e-03,1.501685495253901744e-04,6.129479040082497665e-05,3.568472254142425362e-04,1.668099105302873683e-02,1.250027000205591321e-01,4.197209997801110148e-02,6.813219998730346560e-02,1.769000082276761532e-04,1.471349998610094190e-02,4.000000000000000000e+00,0.000000000000000000e+00,1.800000000000000000e+01,2.104660824920851780e+01,2.578928110629661319e+00,2.190504794749443818e+00,2.500000000000000000e-01
6.900000000000000000e+01,1.403057420577971150e-02,3.179127368613447833e-04,1.155053095645025172e-04,6.743195473707784700e-05,2.230796180631362032e-04,3.851758992903580453e-02,1.589563684306723916e-03,5.775265478225125862e-04,3.371597736853892621e-04,1.115398090315681016e-03,1.041092610964940504e-02,1.260059000342153013e-01,3.989689995069056749e-02,7.332279998809099197e-02,2.575000398792326450e-04,1.252119999844580889e-02,1.322038078013005524e+01,0.000000000000000000e+00,2.051914160330228754e+01,2.012520743513825039e+01,5.000000000000000000e+00,5.000000000000000000e+00,-2.500000000000000000e-01
7.000000000000000000e+01,4.231575942654811073e-02,1.840616135716154457e-03,8.546184659550984213e-05,7.761109072266668320e-05,2.167106411426326950e-04,1.154824103176653877e-01,9.203080678580772070e-03,4.273092329775492106e-04,3.880554536133334160e-04,1.083553205713163421e-03,3.121376085566329034e-02,1.195049999514594674e-01,2.893329999642446637e-02,7.919589994708076119e-02,1.250000204890966415e-04,1.124419999541714787e-02,4.000000000000000000e+00,0.000000000000000000e+00,1.872721462383845292e+01,2.200000000000000000e+01,5.000000000000000000e+00,5.000000000000000000e+00,-2.500000000000000000e-01
7.100000000000000000e+01,2.515541231756102808e-02,1.845384189227869962e-03,1.226236770870346411e-04,6.686096857172361887e-05,2.234193072517330180e-04,5.129291741358515261e-02,9.226920946139350460e-03,6.131183854351732057e-04,3.343048428586180808e-04,1.117096536258665009e-03,1.386397160686922252e-02,1.467564000049605966e-01,4.940650000935420394e-02,7.234409998636692762e-02,1.417999737896025181e-04,2.485270000761374831e-02,4.000000000000000000e+00,1.000000000000000000e+00,2.200000000000000000e+01,1.873994713866108341e+01,3.821240841913923436e+00,2.169125887407213682e+00,-2.500000000000000000e-01
7.200000000000000000e+01,9.419716135325419126e-03,1.618890399029267689e-04,3.758533253474641604e-05,2.329929195185058538e-05,8.135647188722128611e-05,2.922438991239609610e-02,8.094451995146338718e-04,1.879266626737320666e-04,1.164964597592529303e-04,4.067823594361064305e-04,7.899065453941693515e-03,1.168853999697603285e-01,3.475230000913143158e-02,7.075080001959577203e-02,8.359993807971477509e-05,1.129270001547411084e-02,1.303054716555199377e+01,0.000000000000000000e+00,1.985296531461360559e+01,1.986017020061650840e+01,4.314159818199150287e+00,2.422178850156605279e+00,1.553544356152780637e-02
7.300000000000000000e+01,4.355559679803856082e-02,1.473721094353299798e-03,9.197078508462253662e-04,4.618009015139672678e-04,1.533462453259792956e-03,7.995901192058960105e-02,7.368605471766499423e-03,4.598539254231127048e-03,2.309004507569836339e-03,7.667312266298964563e-03,2.161213529817213388e-02,1.372042000293731689e-01,3.735259996028617024e-02,7.530240004416555166e-02,1.178000238724052906e-04,2.441920002456754446e-02,6.560148723958336703e+00,0.000000000000000000e+00,1.800000000000000000e+01,2.200000000000000000e+01,2.821174919988140850e+00,2.190177872619384125e+00,2.500000000000000000e-01
7.400000000000000000e+01,6.634397909873334005e-03,2.075718883915483501e-04,1.396684343336431801e-04,8.737176376665216468e-05,2.847887605387499905e-04,1.123752899441777219e-02,1.037859441957741805e-03,6.983421716682159004e-04,4.368588188332608369e-04,1.423943802693750007e-03,3.037393674720365293e-03,1.223085999954491854e-01,3.459610004210844636e-02,7.603770005516707897e-02,2.610000083222985268e-04,1.140580000355839729e-02,9.770754582575621683e+00,0.000000000000000000e+00,1.986877108677678905e+01,2.105000600895364471e+01,4.037082607392325606e+00,1.266836808612761711e+00,-1.193305478291486477e-01
7.500000000000000000e+01,7.015322186698518675e-03,1.834510977247203270e-04,2.119390221114537183e-04,1.373373130036986331e-04,3.441525803288343253e-04,9.733694996874202310e-03,9.172554886236016078e-04,1.059695110557268673e-03,6.866865650184931927e-04,1.720762901644171681e-03,2.630922120854983087e-03,1.298590999795123935e-01,3.779769997345283628e-02,6.803299998864531517e-02,8.359999628737568855e-05,2.392960002180188894e-02,9.192245479166327726e+00,1.000000000000000000e+00,2.132021270010918101e+01,1.975843049905427407e+01,5.000000000000000000e+00,1.273448350245575567e+00,-1.743485492265694214e-01
7.600000000000000000e+01,1.645629618722274992e-02,4.255748061154851426e-04,4.159973234871037844e-04,2.818453819725214526e-04,6.204289179385842103e-04,2.862502882023897424e-02,2.127874030577425659e-03,2.079986617435518759e-03,1.409226909862607317e-03,3.102144589692921051e-03,7.737064039654276484e-03,1.210260000079870224e-01,4.125539999222382903e-02,6.882350001251325011e-02,2.465999568812549114e-04,1.069189998088404536e-02,4.000000000000000000e+00,1.000000000000000000e+00,2.200000000000000000e+01,1.993226293669806282e+01,3.950655067782760099e+00,1.951251708178745048e+00,-2.500000000000000000e-01
7.700000000000000000e+01,2.833805854245174602e-02,1.582563424708253530e-03,3.818174951191680567e-04,1.977647887323104878e-04,5.362130360229698826e-04,5.492713465393154332e-02,7.912817123541268302e-03,1.909087475595840338e-03,9.888239436615523306e-04,2.681065180114849521e-03,1.484626481953823553e-02,1.203882000409066677e-01,3.401269996538758278e-02,7.619420002447441220e-02,1.273999805562198162e-04,1.004530000500380993e-02,1.424465584623346714e+01,0.000000000000000000e+00,1.980705359963000234e+01,2.200000000000000000e+01,1.303364641252766631e+00,4.771420972007927475e+00,-2.500000000000000000e-01
7.800000000000000000e+01,1.968196110763252918e-02,4.044308222009482777e-04,3.621274396488878902e-04,2.318509532799527490e-04,4.213226872853752746e-04,4.655478731731745728e-02,2.022154111004741388e-03,1.810637198244439451e-03,1.159254766399763718e-03,2.106613436426876210e-03,1.258330159555670971e-02,1.187798999599181116e-01,3.612990002147853374e-02,6.894189998274669051e-02,1.464000088162720203e-04,1.355420000618323684e-02,1.600000000000000000e+01,0.000000000000000000e+00,1.932311641169257399e+01,2.119291849166514297e+01,3.477819970850873688e+00,2.504121252716093871e+00,-2.500000000000000000e-01
7.900000000000000000e+01,6.848513817050883197e-03,9.680659006297117545e-05,1.209205856421036065e-04,8.260450961777585977e-05,1.863481055459025829e-04,1.633472200073762814e-02,4.840329503148559044e-04,6.046029282105180869e-04,4.130225480888792718e-04,9.317405277295128874e-04,4.415114862707117047e-03,1.270526999724097550e-01,3.782479994697496295e-02,7.626489998074248433e-02,1.401000190526247025e-04,1.281530002597719431e-02,9.273048214353345031e+00,1.000000000000000000e+00,2.034694501223009055e+01,1.861404583275648150e+01,4.690847229944743901e+00,1.231817521916158231e+00,2.500000000000000000e-01
8.000000000000000000e+01,2.246892574055116710e-03,1.187407019645408479e-04,6.654338123502006404e-05,5.010301695533359224e-05,1.036587741187474664e-05,3.766795028630700540e-03,5.937035098227042397e-04,3.327169061751003337e-04,2.505150847766679815e-04,5.182938705937373660e-05,1.018127686221270527e-03,1.048079000320285559e-01,3.482190001523122191e-02,5.848669999977573752e-02,9.019998833537101746e-05,1.140199997462332249e-02,9.917142425350261803e+00,1.000000000000000000e+00,2.200000000000000000e+01,1.800000000000000000e+01,3.479277274028923284e+00,3.956982191273956229e+00,1.870504569337860801e-02
8.100000000000000000e+01,4.385932991919607588e-03,1.252083298264578914e-04,1.632191098559511693e-04,1.269052340934544653e-04,1.190402360696932247e-04,6.341586203816407079e-03,6.260416491322895113e-04,8.160955492797558738e-04,6.345261704672722994e-04,5.952011803484661507e-04,1.714068442691823969e-03,1.194693999714218080e-01,4.332709999289363623e-02,6.592300004558637738e-02,1.384999486617743969e-04,1.007330004358664155e-02,7.519404957442137771e+00,1.000000000000000000e+00,2.200000000000000000e+01,1.850920904078024165e+01,3.546592939126205657e+00,1.000000000000000000e+00,-3.991455830954471207e-02
8.200000000000000000e+01,1.713161514048524778e-02,2.183097473241909798e-03,8.759590599582659659e-05,1.491496868638789023e-04,1.551856846313286924e-04,1.574778436572234555e-02,1.091548736620954856e-02,4.379795299791329694e-04,7.457484343193945386e-04,7.759284231566434620e-04,4.256471386820528252e-03,1.160826000268571079e-01,3.595379996113479137e-02,6.684460001997649670e-02,7.680000271648168564e-05,1.320109999505802989e-02,4.000000000000000000e+00,1.000000000000000000e+00,2.200000000000000000e+01,1.800000000000000000e+01,1.267997331271150996e+00,3.188235130890859192e+00,9.962421768416163115e-03
8.300000000000000000e+01,5.197446818399168410e-03,1.078603258404475199e-04,1.542883710258079340e-04,9.997577823626588051e-05,2.945550693448389544e-04,7.081460132705367887e-03,5.393016292022375724e-04,7.714418551290397243e-04,4.998788911813294026e-04,1.472775346724194880e-03,1.914049096162366613e-03,1.298954000230878592e-01,4.077540000434964895e-02,7.632440002635121346e-02,1.219999976456165314e-04,1.266670000040903687e-02,8.685562217384777739e+00,0.000000000000000000e+00,2.081525525647805352e+01,2.066550086534419961e+01,4.690431049267559160e+00,5.000000000000000000e+00,-2.500000000000000000e-01
8.400000000000000000e+01,5.233413725431856206e-03,9.637054096708922650e-05,1.545614548937552591e-04,1.125944236964410773e-04,1.693661111187020534e-04,9.504419001623758481e-03,4.818527048354461460e-04,7.728072744687762953e-04,5.629721184822054003e-04,8.468305555935102397e-04,2.568951072051918558e-03,1.191709999693557620e-01,3.244560002349317074e-02,7.924160000402480364e-02,1.386999501846730709e-04,7.337999995797872543e-03,8.180121057300535625e+00,1.000000000000000000e+00,2.154722449153156205e+01,1.800000000000000000e+01,4.505543307833640654e+00,4.801457259262784660e+00,1.369178219394264762e-01
8.500000000000000000e+01,3.511160315183212144e-03,3.356288799184774561e-05,6.553240629166778516e-05,3.277458667454993205e-05,2.284939115222700133e-04,6.324097259143806118e-03,1.678144399592387348e-04,3.276620314583389123e-04,1.638729333727496603e-04,1.142469557611350012e-03,1.709341352781534960e-03,1.183819000143557787e-01,3.265330003341659904e-02,7.406840001931414008e-02,8.769996929913759232e-05,1.156160002574324608e-02,9.808217079095694402e+00,0.000000000000000000e+00,1.946489459976208281e+01,2.173896323968433109e+01,5.000000000000000000e+00,1.112051678966524237e+00,-2.500000000000000000e-01
8.600000000000000000e+01,1.717415303615097213e-02,1.545359609658595581e-03,2.668087335553870039e-04,4.630110908054109768e-04,2.414508214514445863e-04,1.698545559217032666e-02,7.726798048292978123e-03,1.334043667776934911e-03,2.315055454027054992e-03,1.207254107257222904e-03,4.591001758796780553e-03,1.182855000370182097e-01,4.480819997843354940e-02,5.968180001946166158e-02,8.470000466331839561e-05,1.370409998344257474e-02,5.180867146461121564e+00,9.372967389473181310e-01,2.143236839211149558e+01,1.876657243736247338e+01,1.113852581425361477e+00,1.414868900817602970e+00,3.993671573218132709e-02
8.700000000000000000e+01,2.178554572750474386e-02,3.100772182182416734e-04,4.780918452541872135e-04,2.703866297811414175e-04,7.703438602067297879e-04,4.676843313229315374e-02,1.550386091091208313e-03,2.390459226270936176e-03,1.351933148905707033e-03,3.851719301033648939e-03,1.264104796020324405e-02,1.537269999971613288e-01,4.331490001641213894e-02,9.270030003972351551e-02,1.121999230235815048e-04,1.759209996089339256e-02,5.375184579171541799e+00,1.948139557573911052e-01,1.947039641882870953e+01,1.998702879034585678e+01,4.872631941625392926e+00,1.254048868902539748e+00,2.422067520101029436e-01
8.800000000000000000e+01,3.316682872971114110e-02,1.318512944372716511e-03,9.249098213678627666e-05,7.057986805833727742e-05,3.008340067373249381e-05,9.474444561333469905e-02,6.592564721863582340e-03,4.624549106839313697e-04,3.528993402916863736e-04,1.504170033686624657e-04,2.560849275350327720e-02,1.266744000022299588e-01,3.715869999723508954e-02,6.546740001067519188e-02,1.318999566137790680e-04,2.389020001282915473e-02,1.600000000000000000e+01,1.000000000000000000e+00,2.200000000000000000e+01,1.800000000000000000e+01,4.113017933572977292e+00,3.658040238366341512e+00,8.437615341383264411e-03
8.900000000000000000e+01,5.477326082808143398e-03,7.697624491635385638e-05,1.118599541001062404e-04,6.646842986783849702e-05,2.234723996296048845e-04,1.140789133028546204e-02,3.848812245817693090e-04,5.592997705005311885e-04,3.323421493391924986e-04,1.117361998148024395e-03,3.083440940238625898e-03,1.155512999976053834e-01,3.410150000127032399e-02,6.559720000950619578e-02,1.448999973945319653e-04,1.570049999281764030e-02,6.995089492242139606e+00,0.000000000000000000e+00,1.988851652243766566e+01,2.006389560338679345e+01,4.527802253239544328e+00,4.778669606497540912e+00,5.563894452120959899e-02
9.000000000000000000e+01,4.232852992878692079e-03,8.714718399807213365e-05,1.140397184100306666e-04,8.058339993921135745e-05,1.343081306287504675e-04,7.963518580187676707e-03,4.357359199903606682e-04,5.701985920501533196e-04,4.029169996960568008e-04,6.715406531437523915e-04,2.152460827998368791e-03,1.345148000400513411e-01,4.649809998227283359e-02,6.669800000963732600e-02,8.240004535764455795e-05,2.122699999017640948e-02,9.337620137862129965e+00,2.328507762663248049e-01,2.200000000000000000e+01,1.880059004291736358e+01,4.829235779492623948e+00,1.772267002921395829e+00,-1.581821704624768177e-01
9.100000000000000000e+01,3.539503727474374844e-03,1.379330819964456802e-04,1.839325043072130754e-05,6.657670111590519512e-06,2.539053677853387263e-05,9.610527034856534978e-03,6.896654099822284011e-04,9.196625215360654108e-05,3.328835055795259756e-05,1.269526838926693564e-04,2.597631030887918076e-03,1.270931999897584319e-01,4.342390003148466349e-02,7.069979998050257564e-02,1.896999892778694630e-04,1.276820001658052206e-02,1.290745600390480696e+01,3.337992745803482209e-02,1.917361349657248226e+01,2.140048069854892177e+01,2.716698812838446386e+00,1.412573815370498531e+00,-1.010977545262528587e-01
9.200000000000000000e+01,6.631953374167682408e-03,2.420757859208463219e-04,6.356674428397881659e-05,4.220598402640509848e-05,8.054084209613586237e-05,1.661180099525216489e-02,1.210378929604231501e-03,3.178337214198940965e-04,2.110299201320254788e-04,4.027042104806793118e-04,4.490006592530852020e-03,1.409121000324375927e-01,4.183979996014386415e-02,8.820719999494031072e-02,9.330001194030046463e-05,1.076550001744180918e-02,5.053527753733220607e+00,1.094731357639153052e-01,2.029951515888518543e+01,1.931625942796035034e+01,3.130136847802484024e+00,4.318904204944676195e+00,1.380895227105499168e-01
9.300000000000000000e+01,2.838823933063509570e-03,5.902784787886940508e-05,6.941440633843433538e-06,6.479070025150003969e-06,4.515656460543536818e-05,8.327344196379635188e-03,2.951392393943470457e-04,3.470720316921716600e-05,3.239535012575001815e-05,2.257828230271768477e-04,2.250799317347018397e-03,1.232312999782152474e-01,3.471490001538768411e-02,7.574260002002120018e-02,1.716999686323106289e-04,1.259499997831881046e-02,1.154750651109881154e+01,1.162312792386594601e-02,1.929940454572299657e+01,2.048576104525126951e+01,3.734882254980679939e+00,1.065120467982791030e+00,5.126232306206585099e-02
9.400000000000000000e+01,5.284131491526545231e-03,2.285471491203594854e-04,6.501159269424447765e-05,2.434582751088271841e-05,6.927870616532346478e-05,1.238748363015585406e-02,1.142735745601797508e-03,3.250579634712224154e-04,1.217291375544135920e-04,3.463935308266173239e-04,3.348215114072494378e-03,1.252815999905578792e-01,4.619650001404806972e-02,6.396890000905841589e-02,7.969996659085154533e-05,1.502839999739080667e-02,7.350581808420217023e+00,5.892608729874074247e-02,1.862153999771321011e+01,2.138882798604779367e+01,1.810439279635691623e+00,3.423329037791853047e+00,3.464174250330764870e-02
9.500000000000000000e+01,5.341091196063539603e-03,1.747447345595197433e-04,1.459624806034318036e-04,1.194677298465465884e-04,1.321173789518115087e-04,9.173953804710269222e-03,8.737236727975987438e-04,7.298124030171589637e-04,5.973386492327328878e-04,6.605868947590575434e-04,2.479629576256991898e-03,1.209439000231213868e-01,3.482539998367428780e-02,7.268709997879341245e-02,9.200000204145908356e-05,1.333310001064091921e-02,8.463134857170437897e+00,1.000000000000000000e+00,2.183293507323583782e+01,1.917065901707082176e+01,2.606091873647112145e+00,4.573285514438433452e+00,-1.403310595143221207e-01
9.600000000000000000e+01,1.070149464464571938e-02,3.265916773923614323e-04,6.902795402135335971e-05,4.694993116202213657e-05,6.811019302134185371e-05,3.014573458586029472e-02,1.632958386961807108e-03,3.451397701067668257e-04,2.347496558101106693e-04,3.405509651067092957e-04,8.148095866660326134e-03,1.294751000241376460e-01,4.443389998050406575e-02,7.537660002708435059e-02,1.395999570377171040e-04,9.517900005448609591e-03,1.589589139002672624e+01,1.865520483982172767e-02,1.921328436971469600e+01,2.061752487804910317e+01,2.269182157356274487e+00,2.162446006658974795e+00,2.552484225500362136e-04
9.700000000000000000e+01,1.353006852878187345e-02,7.790034391551693780e-04,1.682208531403080046e-04,8.363062565178820077e-05,2.246546493713975771e-04,2.683235045868297489e-02,3.895017195775846673e-03,8.411042657015400503e-04,4.181531282589410039e-04,1.123273246856987912e-03,7.252520692188557487e-03,1.264299000031314790e-01,3.818490001140162349e-02,7.570919999852776527e-02,1.341999741271138191e-04,1.239320001332089305e-02,1.288114646706457833e+01,2.182048522461443527e-02,1.967139517748167776e+01,2.088129216513042508e+01,1.387669367033496304e+00,3.909094148226877508e+00,-3.790180024901157463e-02
9.800000000000000000e+01,6.156510039714586241e-03,6.268096220034658319e-05,1.030808733674331928e-04,5.218186781277717878e-05,2.747209025447149076e-04,1.366378565053619383e-02,3.134048110017329295e-04,5.154043668371660180e-04,2.609093390638858871e-04,1.373604512723574592e-03,3.693187010088226814e-03,1.238636000198312104e-01,3.280790004646405578e-02,8.065319998422637582e-02,9.180000051856040955e-05,1.030460000038146973e-02,1.047914345016521942e+01,0.000000000000000000e+00,1.869171840415160091e+01,2.161199629513167153e+01,5.000000000000000000e+00,1.681471893568430298e+00,-5.721993141000933369e-02
9.900000000000000000e+01,3.687078634814883182e-02,8.271398381568685187e-04,8.046282587547483626e-04,5.014823582052830696e-04,1.526025534241806257e-03,6.872024269575323363e-02,4.135699190784342810e-03,4.023141293773741488e-03,2.507411791026415565e-03,7.630127671209031501e-03,1.857440640135530133e-02,1.325416000327095389e-01,4.665999999269843102e-02,6.840170000214129686e-02,8.520000847056508064e-05,1.738730003125965595e-02,1.559134055542654096e+01,3.756458425276156584e-03,1.974837118169113737e+01,1.821653010249350402e+01,1.969652360223893339e+00,2.455181744498835528e+00,2.465820380402866108e-01
1.000000000000000000e+02,8.558118759695554703e-03,2.546423170377588581e-04,1.575011749639509018e-04,9.626994127990194606e-05,2.400584588603358748e-04,1.781699725093171052e-02,1.273211585188794345e-03,7.875058748197544820e-04,4.813497063995097439e-04,1.200292294301679320e-03,4.815759298985816325e-03,1.147160000400617719e-01,3.420989995356649160e-02,7.087190001038834453e-02,2.302000648342072964e-04,9.385099983774125576e-03,5.474662615303540036e+00,1.137810803338928090e-01,2.054448679605278727e+01,2.053812730202372094e+01,2.189773134259524134e+00,2.947190407523085920e+00,-1.423054316011282128e-01
