evaluation,objective,C 1s_raw,La 4d_raw,Ni 3p_raw,C 1s_weighted,La 4d_weighted,Ni 3p_weighted,objective_total_seconds,reflectivity_simulation_seconds,rocking_curve_simulation_seconds,scoring_seconds,stack_seconds,carbon_thickness,carbon_roughness,sto_thickness_start,lno_thickness_start,sto_thickness_delta,lno_thickness_delta,thickness_transition_repeat,thickness_transition_width,cap_roughness,sto_roughness_first,sto_roughness_last,lno_roughness_first,lno_roughness_last,substrate_roughness,rc_angle_offset
1.000000000000000000e+00,2.302105630729819191e-02,1.199269989529551383e-02,2.268238656383985037e-03,3.406663463499493439e-03,5.996349947647756917e-03,6.804715969151955111e-03,1.021999039049848075e-02,3.197537900006864220e+00,0.000000000000000000e+00,3.183863500016741455e+00,9.549999958835542202e-05,1.356459999806247652e-02,1.000000000000000000e+01,2.000000000000000000e+00,1.478030000000000044e+01,1.767060000000000031e+01,0.000000000000000000e+00,5.097880000000000189e-01,3.900000000000000000e+01,1.670759999999999934e+01,5.000000000000000000e+00,2.000000000000000000e+00,5.000000000000000000e+00,3.515115291417045817e+00,5.000000000000000000e+00,5.000000000000000000e+00,0.000000000000000000e+00
2.000000000000000000e+00,2.315744313464332751e-02,1.046520728873695689e-02,2.476784135166227706e-03,3.498162361592054882e-03,5.232603644368478447e-03,7.430352405498682686e-03,1.049448708477616551e-02,6.068634299997938797e+00,0.000000000000000000e+00,6.007975200016517192e+00,1.004000077955424786e-04,6.053369998699054122e-02,1.107341328542986680e+01,2.718868029479362569e+00,1.791140480199173624e+01,1.398534413687367817e+01,2.275752010646073575e+00,2.254984541439469581e+00,2.368639042411397710e+01,1.608640565865228922e+01,2.552171937287397441e+00,3.021041557975929770e+00,3.985736481065663916e+00,4.716643394347560303e+00,4.160091568314901345e+00,2.886369120265663835e+00,-1.796799839222651407e-03
3.000000000000000000e+00,1.408160045957859360e-02,7.784224966772383680e-03,1.309087000028660895e-03,2.087408992035473098e-03,3.892112483386191840e-03,3.927261000085982903e-03,6.262226976106418860e-03,6.375836799998069182e+00,0.000000000000000000e+00,6.319691699987743050e+00,1.019999908749014139e-04,5.601889998069964349e-02,9.462661911270018322e+00,2.061150854044872638e+00,1.846285654643006779e+01,1.637949755393591289e+01,5.409202415293644650e-01,2.168605891270168229e+00,3.662515540015893833e+01,1.122937451629098859e+01,2.880551428553571380e+00,3.873297581041258653e+00,4.069334416758172424e+00,2.866298099021913792e+00,2.158509679333472153e+00,4.150680862265147653e+00,1.550631439465810502e-02
4.000000000000000000e+00,1.905714231427686756e-02,9.285928860121034009e-03,1.976689900723254886e-03,2.828036060682195298e-03,4.642964430060517005e-03,5.930069702169764659e-03,8.484108182046586760e-03,5.543041500000981614e+00,0.000000000000000000e+00,5.477822099986951798e+00,1.205999869853258133e-04,6.507519999286159873e-02,6.968316068926263540e+00,2.190407881981959015e+00,1.598695916906701164e+01,1.548320173948525458e+01,1.534737243255395178e+00,2.004571326077253524e+00,4.615884822846721747e+00,3.119000990185295752e+00,4.346594104903402034e+00,2.815866588286974004e+00,3.854339630054953503e+00,3.768977483776623671e+00,4.059732368092440424e+00,2.200875474753552830e+00,7.434622609463048537e-02
5.000000000000000000e+00,1.076105682189702588e-02,4.837252894908244082e-03,8.802001946258211380e-04,1.900609930188480214e-03,2.418626447454122041e-03,2.640600583877463631e-03,5.701829790565440641e-03,5.521693800023058429e+00,0.000000000000000000e+00,5.407407999999122694e+00,8.860000525601208210e-05,1.141724999761208892e-01,5.889272345552838850e+00,2.075237789817733436e+00,1.336701290121736463e+01,1.453880381489952178e+01,3.335808296371641779e-01,1.629663919246050252e+00,2.439552928791535180e+01,1.044112704602115826e+01,3.857480473684046007e+00,2.619163971061706508e+00,4.978371603622909092e+00,2.533158950808011234e+00,4.987578851826316217e+00,3.134482370879807078e+00,-2.454913546593544826e-01
6.000000000000000000e+00,1.782261271761270346e-02,9.269565495991088921e-03,1.546315454212835241e-03,2.849627868992884571e-03,4.634782747995544461e-03,4.638946362638505724e-03,8.548883606978653280e-03,5.237360800005262718e+00,0.000000000000000000e+00,5.184547400014707819e+00,1.092000165954232216e-04,5.268510000314563513e-02,7.755046715791316103e+00,1.371908096070714400e+00,1.547670157052023043e+01,1.533230686408870369e+01,8.731958067120350678e-03,1.511570747732523312e+00,1.803728512502424763e+01,1.605604851032667568e+01,1.049813684069707875e+00,4.243837188907900071e+00,4.971416527929455320e+00,2.569067766812730191e+00,2.403957248439996697e+00,1.724376148777838846e+00,-2.821290141086346126e-01
7.000000000000000000e+00,1.636252779002731958e-02,9.564604224338925029e-03,1.340001995275854523e-03,2.520073230676764860e-03,4.782302112169462514e-03,4.020005985827563785e-03,7.560219692030294147e-03,5.915724799997406080e+00,0.000000000000000000e+00,5.857322900003055111e+00,1.219999976456165314e-04,5.825250002089887857e-02,8.988121683624264335e+00,1.333899456804695127e+00,1.321993224154931212e+01,1.830260995106081978e+01,1.075131944394142947e+00,8.126126497773802915e-02,2.127475352607194381e+01,1.576653904058624889e+01,3.263829892922463394e+00,3.347593691402596328e+00,4.946672061915354135e+00,3.577601365899908625e+00,4.657068043215270237e+00,3.527747903556408993e+00,-2.331319666897124221e-01
8.000000000000000000e+00,2.312964646515578912e-02,1.020669301716494760e-02,2.374233926886596888e-03,3.634532725304507640e-03,5.103346508582473802e-03,7.122701780659790663e-03,1.090359817591352379e-02,5.747372100013308227e+00,0.000000000000000000e+00,5.701000400003977120e+00,2.194999833591282368e-04,4.613040000549517572e-02,9.362506320283275230e+00,1.434909077127350940e+00,1.531927001837934910e+01,1.646877418693558326e+01,1.135480646661612969e+00,6.420998458340866633e-02,3.817031144727769032e+01,1.541027690732836852e+01,1.124743388497150942e+00,3.776776761488426892e+00,3.749414346287356814e+00,4.491363658258055835e+00,4.211707179999942596e+00,4.639651234318973749e+00,1.711698229203186816e-01
9.000000000000000000e+00,1.346368552743580638e-02,6.824354821774792669e-03,1.023899540683136707e-03,2.326603164832999684e-03,3.412177410887396335e-03,3.071698622049410122e-03,6.979809494498999053e-03,5.946300399984465912e+00,0.000000000000000000e+00,5.895177400001557544e+00,9.180000051856040955e-05,5.101070000091567636e-02,8.965248665877156853e+00,1.663309382699349914e+00,1.539482090338908016e+01,1.442910146245206704e+01,2.744357535604068143e+00,6.293468441086871312e-01,1.219216634218519957e+01,4.978810357088879535e+00,3.167649366839515146e+00,3.075837344687172514e+00,4.693173354589921686e+00,3.863915205050737711e+00,2.173912236688712696e+00,2.859059012711477887e+00,-1.931303384370375298e-01
1.000000000000000000e+01,1.113747414648490891e-02,4.376740945718273282e-03,1.119046133958706167e-03,1.863988423916551618e-03,2.188370472859136641e-03,3.357138401876118283e-03,5.591965271749654853e-03,6.989959800004726276e+00,0.000000000000000000e+00,6.929803599981823936e+00,1.038000045809894800e-04,6.002790000638924539e-02,1.257007188441277279e+01,2.982842974984804663e+00,1.843617791352195923e+01,1.475820433775040108e+01,2.914498615920194879e+00,2.246549512816105931e+00,8.550937109372339640e-01,2.541513303382922917e+00,2.631810988132627038e+00,4.490304214451319886e+00,4.570036135981579761e+00,2.013023446761137869e+00,2.683187449690381143e+00,3.136971400981587887e+00,-1.594788296070729361e-01
1.100000000000000000e+01,1.131056727024387296e-02,4.916731577390661898e-03,9.961667084863335547e-04,1.954567118696513926e-03,2.458365788695330949e-03,2.988500125459000664e-03,5.863701356089542210e-03,5.851875299995299429e+00,0.000000000000000000e+00,5.792664200009312481e+00,9.630000567995011806e-05,5.909259998588822782e-02,9.945622082864570501e+00,2.240190219105055114e+00,1.423942665418500475e+01,1.324543699377495898e+01,2.090857745805535739e+00,1.091052322577954259e+00,2.292896080097442280e+01,1.483125752057406110e+01,4.477075201131160753e+00,4.573800969749812317e+00,2.967046818347642390e+00,3.214796786602660994e+00,3.318619131401567390e+00,4.534633819348615091e+00,2.351678417366001583e-01
1.200000000000000000e+01,1.704164391124117842e-02,8.017764219260576850e-03,1.741137457965745861e-03,2.603116475904550947e-03,4.008882109630288425e-03,5.223412373897238017e-03,7.809349427713652841e-03,5.855274400004418567e+00,0.000000000000000000e+00,5.791454200021689758e+00,8.030000026337802410e-05,6.371419999049976468e-02,8.947468031411336398e+00,2.036435582957242474e+00,1.689043414956707423e+01,1.345491623719634333e+01,2.607889278565023616e+00,2.021048658417393451e+00,2.743346027788987840e+01,8.786139863165416841e+00,1.971959088166481022e+00,4.778036516407451195e+00,4.989772991661695301e+00,4.608282957290764870e+00,3.918931360569128941e+00,2.138224718276519276e+00,2.487681709062047886e-01
1.300000000000000000e+01,9.841132817445572001e-03,4.277267246557691326e-03,8.521871653168391209e-04,1.715312566072069514e-03,2.138633623278845663e-03,2.556561495950517363e-03,5.145937698216208542e-03,6.799764800001867115e+00,0.000000000000000000e+00,6.749799100012751296e+00,8.510000770911574364e-05,4.985939999460242689e-02,6.745268606696346758e+00,2.937040032436962100e+00,1.715255287306872845e+01,1.824073591216568957e+01,2.019884055113988719e+00,2.124400702794719820e+00,1.436544659614354513e+00,1.421056137152424625e+01,2.450905356776649668e+00,4.373952068968928408e+00,4.533386118731385750e+00,4.194853361998582386e+00,4.770125928683526695e+00,1.725830515302640311e+00,2.555457844012422597e-01
1.400000000000000000e+01,1.170859297090801922e-02,5.473696678138376299e-03,1.180436241504498893e-03,1.810145302441778202e-03,2.736848339069188150e-03,3.541308724513496896e-03,5.430435907325334606e-03,6.298578999994788319e+00,0.000000000000000000e+00,6.232976100000087172e+00,7.719997665844857693e-05,6.550250001600943506e-02,6.424740673128852997e+00,1.633431239956608216e+00,1.745904551160318618e+01,1.697952549277138701e+01,1.883296383661922646e-01,2.156958677497637922e+00,2.657152999469208354e-01,5.220827475967015019e+00,1.775857253632345811e+00,4.093717029963364951e+00,2.835073684258760718e+00,2.241035848297238786e+00,3.221633750102137927e+00,4.662707778598250030e+00,-2.620575039527184291e-02
1.500000000000000000e+01,1.715388809753149238e-02,6.339801574063057450e-03,1.925125604293195097e-03,2.736203499206793077e-03,3.169900787031528725e-03,5.775376812879585292e-03,8.208610497620378796e-03,6.504571900004521012e+00,0.000000000000000000e+00,6.449882199987769127e+00,9.089999366551637650e-05,5.457519998890347779e-02,1.178655466688539022e+01,1.496226738122009348e+00,1.672220055853559373e+01,1.602948546345277947e+01,2.049490546858488749e+00,5.710986496081604802e-01,6.622615013303271070e+00,1.069335231814056009e+01,2.120671336642834248e+00,4.954717560885454120e+00,2.324452747828173571e+00,4.970381186420778086e+00,4.938828085640270871e+00,3.017767091658824619e+00,-8.398038829779383430e-02
1.600000000000000000e+01,1.430763405602862755e-02,6.680502851957291661e-03,1.371910328781859216e-03,2.283883881234801284e-03,3.340251425978645831e-03,4.115730986345577866e-03,6.851651643704404285e-03,6.063109800015809014e+00,0.000000000000000000e+00,5.996562100015580654e+00,9.310001041740179062e-05,6.642950000241398811e-02,1.423338232881486398e+01,1.717907908790002658e+00,1.611773281363938182e+01,1.410254783895402397e+01,2.594978339397090217e+00,1.624160072507998098e+00,1.203252060504854448e+01,9.087116600116111442e+00,1.454468108772788870e+00,2.065869839424282262e+00,4.604021704763934686e+00,2.869738636742579008e+00,3.368866527171430647e+00,1.196827984859998750e+00,-1.199804942406590136e-01
1.700000000000000000e+01,1.570706651795584358e-02,6.818242567735098049e-03,1.653593728198357810e-03,2.445721349831073924e-03,3.409121283867549024e-03,4.960781184595073647e-03,7.337164049493222207e-03,6.309499099996173754e+00,0.000000000000000000e+00,6.243090399977518246e+00,8.510000770911574364e-05,6.629360001534223557e-02,1.305026779303790896e+01,2.232949171682565570e+00,1.719911401138237395e+01,1.564444786512726360e+01,1.289036466324939623e+00,2.572613265295321749e+00,1.145404469977124329e+01,1.699061200244911163e+01,1.764451021942039288e+00,2.014196939541176068e+00,4.035823812990041226e+00,3.969825681633682102e+00,3.063910372296111628e+00,4.459486982086710682e+00,1.166784457932238395e-01
1.800000000000000000e+01,1.826100041168710747e-02,7.417752533476085902e-03,2.195107965300402073e-03,2.655600083015953201e-03,3.708876266738042951e-03,6.585323895901206218e-03,7.966800249047860036e-03,6.043566500011365861e+00,0.000000000000000000e+00,5.972097199992276728e+00,7.519999053329229355e-05,7.137089999741874635e-02,1.112812398900398492e+01,1.639021543087967991e+00,1.705502745239172668e+01,1.589048840969813980e+01,1.575150839459455554e+00,2.311850458947328213e-01,1.850041553505480962e+01,1.915525521547309040e+01,1.071136508926180397e+00,2.347738031648515467e+00,3.618686570568123262e+00,2.095978833379638306e+00,2.395029576457841536e+00,3.771496277039305678e+00,2.726051466453249805e-02
1.900000000000000000e+01,1.526062692048169717e-02,7.036884698819469500e-03,1.380952295450448356e-03,2.533109228240205350e-03,3.518442349409734750e-03,4.142856886351345067e-03,7.599327684720616483e-03,5.449585499998647720e+00,0.000000000000000000e+00,5.376988700008951128e+00,9.100002353079617023e-05,7.248020000406540930e-02,1.275026791712057594e+01,1.279110204910885784e+00,1.718115840340175282e+01,1.359819364434393130e+01,1.850864107063802777e+00,2.318122826492661770e-01,2.225230152497654146e+01,2.032398082415654450e+00,3.182676912637848687e+00,2.458272909108646154e+00,3.058650990545478177e+00,4.091512243946831440e+00,3.774615566771065467e+00,2.391761399847629477e+00,-1.721301830823533385e-01
2.000000000000000000e+01,2.689379870269998501e-02,1.028511663578625911e-02,3.153837295918033613e-03,4.096576165684251251e-03,5.142558317893129553e-03,9.461511887754101707e-03,1.228972849705275289e-02,4.196168900001794100e+00,0.000000000000000000e+00,4.134400000009918585e+00,2.780000795610249043e-05,6.172189998324029148e-02,1.376729908145636827e+01,1.832723643338041830e+00,1.588158638591453808e+01,1.607972234138961909e+01,2.849737566179132209e+00,2.108261489959570301e-01,3.544123648003607485e+01,1.613915008206010526e+01,1.998360630868934562e+00,3.261662182935587850e+00,2.923785575095393607e+00,2.349358987508179286e+00,2.127183902869095089e+00,2.851488477376162400e+00,1.581017536734809492e-01
2.100000000000000000e+01,9.855054813352921717e-03,4.280386854621387287e-03,8.930337471117539725e-04,1.678586714902322160e-03,2.140193427310693643e-03,2.679101241335261809e-03,5.035760144706966264e-03,2.243257699999958277e+00,0.000000000000000000e+00,2.226146300003165379e+00,2.310000127181410789e-05,1.707890001125633717e-02,6.848388686893369659e+00,2.546419281273192503e+00,1.751454638986503909e+01,1.785030083429281689e+01,5.145416835778025000e-01,1.845222572305871056e+00,2.126456530168995052e+00,1.667360061374134972e+01,3.436534943391118535e+00,4.465094114804843528e+00,3.483320001568463553e+00,3.382384000604074181e+00,2.188708934115888738e+00,2.365514610859119848e+00,1.298893952338892044e-01
2.200000000000000000e+01,1.305859298659337378e-02,6.376329086862545827e-03,1.312018861805099371e-03,1.978123952582267874e-03,3.188164543431272913e-03,3.936056585415298112e-03,5.934371857746803189e-03,2.080578699999023229e+00,0.000000000000000000e+00,2.058376600005431101e+00,2.360000507906079292e-05,2.216960000805556774e-02,5.544035245554389313e+00,1.324772202398556864e+00,1.849572008637603204e+01,1.506500935060485347e+01,5.764417039606988258e-01,1.877886534331518087e+00,2.872116027942986705e+01,5.862766672553036962e+00,1.215961765818434959e+00,4.790836677131217414e+00,4.971114411126965393e+00,4.835778844399722942e+00,4.879907640203225760e+00,1.715987920503943442e+00,1.068320739981493128e-01
2.300000000000000000e+01,1.791293869495286586e-02,5.770028773349265665e-03,2.068382694423707459e-03,2.940925408335702974e-03,2.885014386674632832e-03,6.205148083271122376e-03,8.822776225007109355e-03,1.722743499994976446e+00,0.000000000000000000e+00,1.705870500009041280e+00,3.309999010525643826e-05,1.682940000318922102e-02,1.357279741873188073e+01,1.592636896996000306e+00,1.468248683199049331e+01,1.606599194203644032e+01,1.687205900491036470e+00,8.095216309729738602e-02,3.277441263658671744e+01,1.866470142881749439e+01,2.424792967063934768e+00,3.823110179414207721e+00,2.911260946928034166e+00,3.128451988232169967e+00,3.589225051347085138e+00,1.034284814229927907e+00,2.875983450504621675e-01
2.400000000000000000e+01,2.246386941925987424e-02,1.234621518824752934e-02,2.209229700361295054e-03,3.221024241350741325e-03,6.173107594123764669e-03,6.627689101083885162e-03,9.663072724052224408e-03,1.818092899979092181e+00,0.000000000000000000e+00,1.801486499985912815e+00,3.619998460635542870e-05,1.655810000374913216e-02,5.602983771519678413e+00,1.069455787899478594e+00,1.484165680093811623e+01,1.713171047128181002e+01,8.447319894546065910e-01,2.021492206073671749e+00,1.078244380547795522e+01,1.191531589593457241e+01,3.182679992340601949e+00,4.593443990231998342e+00,2.329994635131452885e+00,4.849115099857174371e+00,2.426332489449591456e+00,1.449766251244207105e+00,-5.650396142299768387e-02
2.500000000000000000e+01,1.216676910737301415e-02,7.056398428410716808e-03,1.026973203136523479e-03,1.852550094586028579e-03,3.528199214205358404e-03,3.080919609409570221e-03,5.557650283758085522e-03,1.945474099979037419e+00,0.000000000000000000e+00,1.921948899980634451e+00,2.249999670311808586e-05,2.349150000372901559e-02,1.495024713846926190e+01,1.342090415139418402e+00,1.726514214215502108e+01,1.681404940154024885e+01,3.773871915266868715e-01,5.217414838206638761e-01,6.920958804891087723e+00,9.032524707268605013e+00,4.793027091664971095e+00,3.878542224310113529e+00,2.077527371511927345e+00,2.959715454682929625e+00,2.936478964853520779e+00,2.864127948118746048e+00,1.761717036595416563e-01
2.600000000000000000e+01,1.774286090303926061e-02,8.584825342152517177e-03,1.655944454659589397e-03,2.827538289328078089e-03,4.292412671076258589e-03,4.967833363978768624e-03,8.482614867984234266e-03,1.788445100013632327e+00,0.000000000000000000e+00,1.774022300000069663e+00,1.297999988310039043e-04,1.428209998994134367e-02,6.196661843682695014e+00,1.520128060822866889e+00,1.607321408780279981e+01,1.320632157581007604e+01,1.551634197445329821e+00,1.660838219841063168e+00,2.720096310027561515e+01,1.000130221325195556e+01,1.230414185666058202e+00,2.413669758761325390e+00,2.813393634905761331e+00,2.065774855977789315e+00,2.477634473419012107e+00,1.883542292975094012e+00,2.838744372806024097e-01
2.700000000000000000e+01,2.132421006386428508e-02,1.222556700571990861e-02,2.262095927110692028e-03,2.808379593224085043e-03,6.112783502859954303e-03,6.786287781332075650e-03,8.425138779672255995e-03,1.839817300002323464e+00,0.000000000000000000e+00,1.820252100005745888e+00,3.350002225488424301e-05,1.951079998980276287e-02,6.331322605304052331e+00,2.146596214755954080e+00,1.661678299636015055e+01,1.554339059759361419e+01,2.845757713586650972e+00,4.334964115032292620e-01,3.368056414282104072e+01,5.929707728363543318e+00,4.976872895777962214e+00,3.336549757221423107e+00,4.315378554034197123e+00,3.395804208891710640e+00,3.758829240390116677e+00,3.025929422616369546e+00,2.215230322916171279e-01
2.800000000000000000e+01,1.061054015496011929e-02,4.329191190967808002e-03,1.047878576851880633e-03,1.767436276306858086e-03,2.164595595483904001e-03,3.143635730555641682e-03,5.302308828920574042e-03,2.117426999990129843e+00,0.000000000000000000e+00,2.088551299995742738e+00,2.889998722821474075e-05,2.883679998922161758e-02,1.472514329852381110e+01,2.153371507786805417e+00,1.769335959647565915e+01,1.838869634043418699e+01,3.183094428129751990e-02,2.682496223112405875e+00,1.303973514401547007e+01,1.288864584821970105e+01,2.951342183025786881e+00,4.588913082069050908e+00,2.905264940672853680e+00,4.606703578312084879e+00,2.067305225257468848e+00,4.595997061581908127e+00,-9.766320730095615077e-02
2.900000000000000000e+01,1.929486954850007097e-02,9.105624811690551240e-03,1.836360858045859830e-03,3.077658189505738402e-03,4.552812405845275620e-03,5.509082574137579708e-03,9.232974568517215638e-03,4.393175999983213842e+00,0.000000000000000000e+00,4.369572800002060831e+00,7.180002285167574883e-05,2.352129999781027436e-02,8.856360712567202143e+00,1.696568993950698268e+00,1.482164165073493045e+01,1.491390825127379216e+01,1.860791226650213126e+00,6.707550120704319774e-01,8.005839098946141430e-01,1.406152148514226141e+01,2.318887733404130458e+00,4.379847916969868749e+00,4.349181041238691314e+00,4.897140030412083789e+00,3.595771071103403660e+00,2.854739994504335243e+00,2.399190940130930261e-01
3.000000000000000000e+01,1.416917683941519047e-02,6.753870340397544712e-03,1.271394890036082505e-03,2.326018999702723390e-03,3.376935170198772356e-03,3.814184670108247514e-03,6.978056999108170171e-03,5.798327500000596046e+00,0.000000000000000000e+00,5.757000100013101473e+00,7.740000728517770767e-05,4.123090000939555466e-02,1.328340189737922294e+01,1.955687731123386452e+00,1.532892823718633402e+01,1.524149563470558810e+01,1.263402187206951410e+00,2.663224468681521628e+00,3.072211462945504223e+01,6.129293894946528987e+00,4.650452226179266013e+00,4.559450915260386594e+00,3.514932405760127665e+00,4.778999775494471081e+00,2.888768276998362250e+00,1.955821454349949251e+00,1.187349717202464960e-01
3.100000000000000000e+01,1.664106319602040931e-02,8.571578132313970380e-03,1.615255121269246500e-03,2.503169588685228136e-03,4.285789066156985190e-03,4.845765363807739284e-03,7.509508766055683973e-03,5.793791699979919940e+00,0.000000000000000000e+00,5.737292400008300319e+00,4.780001472681760788e-05,5.642850001459009945e-02,8.385338400514285695e+00,2.829303962992003818e+00,1.729419773009376726e+01,1.323947259859718173e+01,1.977534618573916214e+00,1.565714772365866536e-01,2.517716792196072362e+01,1.026169746490308832e+01,4.598693030621273437e+00,4.774048381015507658e+00,2.844660557374883769e+00,4.429894704861464305e+00,2.374872744853207873e+00,4.699123496754776141e+00,2.106620506074978194e-01
3.200000000000000000e+01,1.792584021448947323e-02,8.837121457322029069e-03,1.730134093064590465e-03,2.772292402211561785e-03,4.418560728661014535e-03,5.190402279193771611e-03,8.316877206634685354e-03,6.109809000015957281e+00,0.000000000000000000e+00,6.049900400015758350e+00,7.080001523718237877e-05,5.982329999096691608e-02,8.480220520151972252e+00,2.404200586506393122e+00,1.684789983810477310e+01,1.311045656810819438e+01,8.888666701606266068e-03,1.062004411711184426e+00,1.120103478388336882e+01,1.652099724472599718e+01,1.358448047828372029e+00,2.520337826108999923e+00,3.861030890722163100e+00,4.799987602521574637e+00,3.637502765225624657e+00,3.613299668017624366e+00,1.534348645882168682e-01
3.300000000000000000e+01,1.023269046679330281e-02,4.415709158800007299e-03,9.475487503978055137e-04,1.727396545399960837e-03,2.207854579400003649e-03,2.842646251193416650e-03,5.182189636199882946e-03,6.464051400020252913e+00,0.000000000000000000e+00,6.350189899996621534e+00,8.200001320801675320e-05,1.137633000034838915e-01,5.145346768248744596e+00,1.502300990102427125e+00,1.796310601497699366e+01,1.801240904204091109e+01,2.658964287712044516e+00,2.100870717087350403e+00,9.028074139231790696e+00,1.604641995291712675e+01,1.214880036339329283e+00,2.268673173210411953e+00,2.706665870359658221e+00,4.276236937314666697e+00,3.107155279376911494e+00,2.310597754758965117e+00,1.164089539513257776e-02
3.400000000000000000e+01,1.325278190074432108e-02,6.144621908389792490e-03,1.140626181550049570e-03,2.252864133966425448e-03,3.072310954194896245e-03,3.421878544650148492e-03,6.758592401899276778e-03,5.428263700014213100e+00,0.000000000000000000e+00,5.365768799994839355e+00,6.220000796020030975e-05,6.240970001090317965e-02,8.045653279542882785e+00,2.615242743116611646e+00,1.481337635740151448e+01,1.433596395819940916e+01,8.345571853099822413e-01,2.159074382889167865e+00,2.588559787228392750e+01,1.189519608004707862e+01,4.794449966428206089e+00,4.402205149093202152e+00,3.444916476432404284e+00,3.218113827676349459e+00,2.662141303221515098e+00,1.740818395144360320e+00,2.027609523034140104e-01
3.500000000000000000e+01,1.793101344838393674e-02,7.811162433842933767e-03,1.851769198090696912e-03,2.823374879063459634e-03,3.905581216921466883e-03,5.555307594272090518e-03,8.470124637190379335e-03,5.865532399999210611e+00,0.000000000000000000e+00,5.711681999993743375e+00,7.449998520314693451e-05,1.537600999872665852e-01,1.052227243775697474e+01,1.150077371497902234e+00,1.525582284939494215e+01,1.483289126030280691e+01,8.331111417918464213e-01,7.012417649719051085e-03,4.708053286399618287e-01,1.804331308864485450e+01,2.999551774887685429e+00,2.580437172442037408e+00,3.785289493733623889e+00,2.522400031963272227e+00,4.641630947976435273e+00,3.139690256487987607e+00,2.061632857109900185e-01
3.600000000000000000e+01,1.270641563661370314e-02,5.605094048387903628e-03,1.101641063080994413e-03,2.199648474392256175e-03,2.802547024193951814e-03,3.304923189242983238e-03,6.598945423176768091e-03,5.508235800021793693e+00,0.000000000000000000e+00,5.431030899984762073e+00,5.890001193620264530e-05,7.712309999624267220e-02,9.872346821493941604e+00,2.462680899673039825e+00,1.648801066605682664e+01,1.362705720647940844e+01,9.422122848778968773e-01,1.935727615027535098e+00,3.862013945814243243e+01,1.158461008820918536e+01,4.087321360495272060e+00,4.387245752992237513e+00,3.113917092731971259e+00,4.041671147898910910e+00,3.096685112061944967e+00,3.252519495092431878e+00,-6.616210690801954675e-02
3.700000000000000000e+01,1.282617825388598053e-02,5.928456587034749287e-03,1.081469324975222347e-03,2.205847328480979759e-03,2.964228293517374643e-03,3.244407974925667040e-03,6.617541985442939277e-03,5.568829199997708201e+00,0.000000000000000000e+00,5.520727399998577312e+00,5.410000449046492577e-05,4.802960000233724713e-02,5.879505793313754225e+00,2.683225489589358581e+00,1.450046557954741999e+01,1.301624208383934977e+01,6.283401897945060099e-01,2.021261698128762774e+00,1.081127031845836228e+01,3.081222147293279701e+00,1.604686617953569261e+00,3.545923787743124223e+00,2.156334952950454298e+00,2.482919613000182046e+00,4.500848386025676717e+00,4.232328637296131291e+00,8.715953265277864848e-02
3.800000000000000000e+01,2.004380032359642100e-02,8.939883543831515442e-03,1.991482360700367726e-03,3.199803823193187423e-03,4.469941771915757721e-03,5.974447082101102743e-03,9.599411469579561401e-03,6.115906999999424443e+00,0.000000000000000000e+00,6.059619299980113283e+00,7.710000500082969666e-05,5.619500001193955541e-02,1.271519762628983585e+01,1.212404458737879942e+00,1.767503407451233244e+01,1.350386842221366734e+01,1.590074117413595944e+00,1.121599290058005405e+00,1.719155036191076036e+01,7.591746461931421663e+00,2.538042645373213890e+00,2.046245457964020797e+00,3.014390230424312644e+00,3.190710877853546457e+00,3.414112423292116283e+00,3.589905537012612946e+00,1.266253154821282978e-01
3.900000000000000000e+01,1.813503586712245097e-02,1.067099348483468817e-02,1.395150470357957827e-03,2.871362571210410702e-03,5.335496742417344083e-03,4.185451411073873480e-03,8.614087713631231671e-03,5.971209600014844909e+00,0.000000000000000000e+00,5.905470199999399483e+00,1.022999931592494249e-04,6.562089998624287546e-02,1.147688642901025524e+01,1.399694052812761935e+00,1.438094373597028408e+01,1.706031431654711028e+01,2.576952602333797859e+00,2.375214622332030512e+00,1.622500096873540443e+01,1.518715723561473396e+01,2.185784952052769903e+00,4.281825672039885511e+00,2.558621989238874406e+00,2.960733735675106004e+00,4.008099546935513402e+00,1.511207503296131183e+00,-2.530792921928075589e-01
4.000000000000000000e+01,1.151506751428663447e-02,5.260906286503139878e-03,9.548382006240521561e-04,2.006699923054302941e-03,2.630453143251569939e-03,2.864514601872156577e-03,6.020099769162908822e-03,5.343957000004593283e+00,0.000000000000000000e+00,5.273730899993097410e+00,5.470000905916094780e-05,7.014319999143481255e-02,1.017952657624169355e+01,2.720767223474643615e+00,1.319540837654596288e+01,1.594154670484976855e+01,6.413346091055462939e-01,1.682987583000000065e+00,3.806422434372881014e+01,1.201101264615538078e+01,1.053981897081897934e+00,4.204696647422673905e+00,3.486696757756560405e+00,3.087414634598730778e+00,4.881037403615875903e+00,3.742500528320228614e+00,-2.518418897894142416e-02
4.100000000000000000e+01,2.334147885101522588e-02,1.327485850642711428e-02,2.078846119885531269e-03,3.489170412715024688e-03,6.637429253213557138e-03,6.236538359656594241e-03,1.046751123814507363e-02,6.041980099980719388e+00,0.000000000000000000e+00,5.990913399989949539e+00,9.399998816661536694e-05,5.095319999963976443e-02,7.048733902311286492e+00,1.681839673957715942e+00,1.643054719330429236e+01,1.627522570679289160e+01,2.905957935956932081e-01,1.664079624737896390e+00,1.335047948273144236e+01,1.446005320448219322e+01,2.911544035863452784e+00,2.938266624764041879e+00,3.531213995139729445e+00,4.879711976827179498e+00,3.317072131605994123e+00,3.571624075691960165e+00,-2.940520453453548400e-01
4.200000000000000000e+01,1.113532406876593939e-02,4.752219073005003319e-03,9.791308340705931219e-04,1.940607343350552860e-03,2.376109536502501660e-03,2.937392502211779582e-03,5.821822030051658145e-03,5.111412500002188608e+00,0.000000000000000000e+00,5.062273599993204698e+00,8.949998300522565842e-05,4.902619999484159052e-02,1.263040360947783824e+01,1.967706990917184262e+00,1.308711603080780961e+01,1.302159589602553780e+01,8.001941476678919862e-01,1.425892288888733983e+00,3.606840122753352063e+01,9.044510946255606143e+00,3.367350957398253630e+00,3.443048444289589227e+00,4.378359279929047609e+00,2.769870931195017150e+00,3.618491452066045611e+00,2.008755789596565755e+00,2.813816859496029443e-01
4.300000000000000000e+01,1.112074549542842704e-02,5.019538586855776252e-03,9.400876157538347886e-04,1.930237784913011335e-03,2.509769293427888126e-03,2.820262847261504474e-03,5.790713354739034438e-03,5.741321499983314425e+00,0.000000000000000000e+00,5.690655500016873702e+00,1.025999954435974360e-04,5.054699999163858593e-02,8.407269076360751825e+00,1.486313812995263106e+00,1.301638162898999695e+01,1.322003925379341460e+01,1.243062732752236166e-01,1.292835586341330334e+00,5.569903549302541723e-01,1.563383391056855487e+01,4.466753349210501156e+00,4.662014249282490752e+00,3.417668691829235605e+00,4.192922872282535351e+00,2.618732461180941495e+00,3.025723333949807081e+00,4.144542958583469217e-02
4.400000000000000000e+01,1.631866831848227672e-02,9.584126256334243865e-03,1.268761119040281733e-03,2.573440611064770154e-03,4.792063128167121933e-03,3.806283357120845198e-03,7.720321833194310895e-03,5.893680799985304475e+00,0.000000000000000000e+00,5.836769299989100546e+00,9.349998435936868191e-05,5.678809998789802194e-02,7.999514014652012506e+00,2.405494389029025459e+00,1.304491632917745747e+01,1.641003573277194150e+01,2.521375539889136874e+00,1.786560174683518909e+00,2.695397912379795091e+00,1.299486302773484603e+01,4.684202352287904603e+00,2.353791392037266839e+00,2.106019024567222342e+00,3.004795477242182322e+00,2.336971463140457228e+00,3.862633942451448199e+00,-7.663956330225749070e-02
4.500000000000000000e+01,1.774200875676070974e-02,7.300249887688584072e-03,1.869304479793359140e-03,2.827990124512113571e-03,3.650124943844292036e-03,5.607913439380077421e-03,8.483970373536341147e-03,6.493525400001090020e+00,0.000000000000000000e+00,6.436382700019748881e+00,8.520000847056508064e-05,5.703389999689534307e-02,1.465333094354662435e+01,2.841130136991524946e+00,1.845984625222559572e+01,1.600417035427098611e+01,1.717325891690603346e+00,3.243024666888608687e-01,2.566103836815209593e+00,6.770584179284102611e+00,3.063170271599440664e+00,2.783106757169635070e+00,2.037779050028449834e+00,3.226428821629088173e+00,4.113527344537592612e+00,4.387426489131581064e+00,-1.864549579840106275e-01
4.600000000000000000e+01,1.114723246777605918e-02,5.057054922089447395e-03,9.190261327681897591e-04,1.953875536142255474e-03,2.528527461044723697e-03,2.757078398304569494e-03,5.861626608426766423e-03,5.305587900016689673e+00,0.000000000000000000e+00,5.263967599981697276e+00,8.420000085607171059e-05,4.151619999902322888e-02,8.722169561416521333e+00,2.231961064587275612e+00,1.300867352043050040e+01,1.423833008341496154e+01,2.493982129129533210e+00,2.747840023182324565e+00,3.805974964236659730e+01,1.519508726945819177e+01,1.787634602430763886e+00,2.301036522115837535e+00,2.158598490070662734e+00,2.877515038648482903e+00,2.188055644974533642e+00,4.020824909175028772e+00,-2.921241285743109151e-02
4.700000000000000000e+01,1.013492233876071846e-02,4.282699231650408979e-03,9.714805677557325535e-04,1.693043673222772430e-03,2.141349615825204489e-03,2.914441703267197769e-03,5.079131019668317072e-03,6.727391699998406693e+00,0.000000000000000000e+00,6.665070699993520975e+00,7.099998765625059605e-05,6.222469999920576811e-02,7.859147876125080145e+00,1.178511856918724066e+00,1.832168289090682833e+01,1.838378006053870806e+01,1.148474831701620014e+00,4.944643937450744486e-01,3.800827740407673616e+01,4.693300166459095202e+00,1.622866137564423550e+00,3.380293409466800014e+00,4.808841872697266595e+00,2.044001798905881628e+00,3.467192116414898440e+00,2.436246452892632419e+00,6.796009227973909272e-02
4.800000000000000000e+01,1.102589991305683373e-02,5.081599845760318562e-03,9.038514750182218092e-04,1.924515188374003151e-03,2.540799922880159281e-03,2.711554425054665644e-03,5.773545565122009671e-03,5.631837800028733909e+00,0.000000000000000000e+00,5.566516799997771159e+00,9.310001041740179062e-05,6.519699998898431659e-02,1.420275989515795523e+01,1.501624502117122617e+00,1.440265871459247471e+01,1.308778829032904589e+01,2.667913390735280998e+00,1.029862841805458284e+00,3.541390213522127084e+01,2.767464936361254679e+00,4.462270905733671356e+00,4.793226442292876754e+00,2.098077056520431860e+00,2.139962025864212247e+00,3.686043715333564563e+00,3.261854746038763242e+00,-2.142501662136096496e-01
4.900000000000000000e+01,1.723689297146523830e-02,8.524759735085516571e-03,1.719739074083722306e-03,2.605098627223771321e-03,4.262379867542758285e-03,5.159217222251166919e-03,7.815295881671313963e-03,6.315714199998183176e+00,0.000000000000000000e+00,6.256488599989097565e+00,9.119999594986438751e-05,5.911059997742995620e-02,8.178159117484092633e+00,1.144175595720571703e+00,1.739664254191604442e+01,1.778362521220229553e+01,2.820398855090662238e+00,1.413079040198339520e+00,3.782364734028398345e+01,6.218015815422093695e+00,1.896820919893738244e+00,3.115584301091856467e+00,4.703426054056270011e+00,3.278284750138566572e+00,2.804500738910862268e+00,2.047161804522309225e+00,-1.617323472553948427e-01
5.000000000000000000e+01,1.071496310696896243e-02,4.498514193614387008e-03,1.037669382529517138e-03,1.784232620857739097e-03,2.249257096807193504e-03,3.113008147588551197e-03,5.352697862573217724e-03,6.723019500001100823e+00,0.000000000000000000e+00,6.675831900007324293e+00,6.999998004175722599e-05,4.708859999664127827e-02,8.520733371433541592e+00,1.500159529541383208e+00,1.845636503000536877e+01,1.833764290864534274e+01,4.287894105121329291e-01,9.208848939671603340e-01,4.716316628083998097e+00,1.829942603504434473e+01,3.189593228072458597e+00,2.849751030731853874e+00,4.344318696031220561e+00,4.092521738838516221e+00,2.372165365509853796e+00,3.039398273814145846e+00,-1.752016410439150018e-01
5.100000000000000000e+01,1.151176486438349258e-02,5.270705233192899547e-03,9.480863539631554466e-04,2.010717728632525382e-03,2.635352616596449774e-03,2.844259061889466231e-03,6.032153185897576146e-03,5.437307399988640100e+00,0.000000000000000000e+00,5.385385900008259341e+00,1.062000228557735682e-04,5.178550002165138721e-02,9.884594027338080124e+00,1.845938542205020960e+00,1.395026791828075474e+01,1.474417953247987967e+01,1.638971659431739836e+00,1.647774219950485008e+00,3.871320067108290175e+01,4.596469148187351195e+00,1.414252307387918517e+00,3.785646260439515576e+00,2.064279252611621818e+00,3.480428976047405421e+00,2.967825205800847854e+00,4.377358417330615481e+00,3.867845322664192897e-02
5.200000000000000000e+01,2.063525495132120802e-02,1.078804033595355538e-02,2.097539845474592941e-03,2.982871748973550934e-03,5.394020167976777691e-03,6.292619536423778824e-03,8.948615246920652369e-03,6.174260100000537932e+00,0.000000000000000000e+00,6.113080899987835437e+00,9.769998723641037941e-05,6.105680001201108098e-02,8.730083410943567657e+00,1.441975703783368701e+00,1.309621610521992352e+01,1.459399802883627117e+01,2.099808580730840646e+00,2.503182694202071623e+00,8.858467557068456788e-01,1.904896186485049725e+01,1.554422223468351127e+00,2.256554605003232794e+00,2.540066948016947102e+00,2.778510109453294241e+00,2.932172548041470428e+00,2.512703019475683863e+00,2.297073759283884686e-01
5.300000000000000000e+01,9.853267569837509399e-03,4.293437828970771142e-03,8.519588467111092025e-04,1.716890705072931893e-03,2.146718914485385571e-03,2.555876540133327716e-03,5.150672115218795678e-03,6.971722399990539998e+00,0.000000000000000000e+00,6.920512100012274459e+00,9.699998190626502037e-05,5.108919998747296631e-02,8.016897531193155402e+00,2.253819969192766948e+00,1.844287156647344261e+01,1.849218836909416197e+01,2.526803085733252630e+00,1.358799818362166123e+00,3.351379862103617491e+00,3.962541917443044515e+00,1.047089574099190123e+00,4.756348827190874040e+00,3.547019484139319001e+00,3.955147736225762323e+00,2.300468320308986403e+00,3.660352921409534055e+00,2.651728388102786993e-01
5.400000000000000000e+01,1.074665289057326160e-02,4.821370582702450697e-03,8.902319824079797357e-04,1.888423883999365430e-03,2.410685291351225348e-03,2.670695947223939316e-03,5.665271651998096507e-03,5.515318299992941320e+00,0.000000000000000000e+00,5.466050999995786697e+00,1.377000007778406143e-04,4.909570000017993152e-02,5.721436116705867825e+00,1.400792027513701132e+00,1.352615245777960951e+01,1.368621558614918143e+01,2.100396949108548128e+00,5.949689520807290022e-02,3.485745743143215236e+01,1.145277948944963597e+01,4.296177979375745082e+00,4.691552216554632615e+00,3.675684921119345638e+00,2.058438666673721329e+00,3.403581217868716369e+00,2.698357791039899478e+00,-2.892975157387109308e-01
5.500000000000000000e+01,1.385446360305704269e-02,6.223771383325549592e-03,1.195254144904715592e-03,2.385605158893373996e-03,3.111885691662774796e-03,3.585762434714146775e-03,7.156815476680121989e-03,5.924631300003966317e+00,0.000000000000000000e+00,5.866917200008174405e+00,9.419998968951404095e-05,5.758980000973679125e-02,1.288011738747896473e+01,2.380252926958552173e+00,1.300808761065342622e+01,1.726049713374349892e+01,1.861897160087849223e-01,5.505323058792475077e-01,3.516766289538341539e+01,3.034457099313555783e+00,1.404544378592956999e+00,4.587446016630600809e+00,3.443323947259592899e+00,2.882606230823053117e+00,4.039825455628108131e+00,4.120370833114524345e+00,-4.808730271290773128e-02
5.600000000000000000e+01,1.104009952484466886e-02,5.024771329945716507e-03,9.183669053180128260e-04,1.924204381305923790e-03,2.512385664972858253e-03,2.755100715954038586e-03,5.772613143917771153e-03,5.601321300026029348e+00,0.000000000000000000e+00,5.558066800003871322e+00,7.280000136233866215e-05,4.316089997882954776e-02,1.111765312625997915e+01,2.341701972473733573e+00,1.430851012256529131e+01,1.332205239168485633e+01,1.723069824192644095e+00,1.616193320958322577e+00,3.556175757169235396e+01,1.640167868116485295e+01,4.429119372506545638e+00,2.323981395439658204e+00,3.668424902929569242e+00,2.565979105859926612e+00,2.210593053134271013e+00,1.927241862529071925e+00,-2.329960196332463429e-01
5.700000000000000000e+01,1.785559595985632825e-02,8.944453804802328725e-03,1.730684900176010033e-03,2.730438118975711190e-03,4.472226902401164363e-03,5.192054700528030316e-03,8.191314356927133569e-03,6.702080000017303973e+00,0.000000000000000000e+00,6.650120000005699694e+00,1.080000074580311775e-04,5.181929998798295856e-02,6.418240082195127982e+00,1.278017243625966692e+00,1.617028749213098138e+01,1.847793066861924416e+01,2.194155902557014315e+00,1.074614275917344097e-01,1.694556470306489704e+00,1.683028154807036003e+01,4.464243392739298599e+00,4.067211019074125744e+00,2.263534385970776608e+00,2.247617332927371869e+00,2.943298245536221547e+00,3.113684224689384550e+00,-2.174133040183996168e-01
5.800000000000000000e+01,1.090119780288542617e-02,4.944863772573778252e-03,9.067586110335535288e-04,1.902830027832625196e-03,2.472431886286889126e-03,2.720275833100660803e-03,5.708490083497875373e-03,5.588560400006826967e+00,0.000000000000000000e+00,5.538925100001506507e+00,2.295000012964010239e-04,4.938340000808238983e-02,1.468606396357532518e+01,1.546233717482336179e+00,1.334667253290889022e+01,1.300456668814756966e+01,6.340781228328791208e-01,2.565888058872469291e+00,1.707973065475210106e+01,2.958783124391128894e+00,4.264764450090449799e+00,4.974941316108035139e+00,4.993982105157266815e+00,4.994336929007879178e+00,2.787383092783075167e+00,2.892175452039548400e+00,-2.669580264391502866e-01
5.900000000000000000e+01,9.759627880964273638e-03,4.421124092550340022e-03,8.448547891071614760e-04,1.671500489122539589e-03,2.210562046275170011e-03,2.534564367321484428e-03,5.014501467367618766e-03,6.674155400018207729e+00,0.000000000000000000e+00,6.622798099997453392e+00,8.110000635497272015e-05,5.125460002454929054e-02,1.074050402080209565e+01,2.945057397367628838e+00,1.849014298663292166e+01,1.751424082755102063e+01,1.731793906733906763e+00,8.898071277177768690e-02,2.700583053773349462e+01,1.929402282484964104e+01,2.976097325640332691e+00,3.353684499146522668e+00,3.856018556485495630e+00,4.739433108335350475e+00,2.457281317254969899e+00,3.242948716960956101e+00,2.555106428288996256e-01
6.000000000000000000e+01,1.111918062557091039e-02,5.175447997665003248e-03,8.809532708142634502e-04,1.962865604765206065e-03,2.587723998832501624e-03,2.642859812442790134e-03,5.888596814295618195e-03,5.898134200018830597e+00,0.000000000000000000e+00,5.847752199973911047e+00,1.102999958675354719e-04,5.024760001106187701e-02,7.419251988115108887e+00,2.162673190227952347e+00,1.573930258768474388e+01,1.423976601997580183e+01,6.051636524155291907e-02,2.700784218144017590e+00,3.691393107549769326e+01,1.043723694134511248e+01,3.873305746061263211e+00,2.653057475389086317e+00,2.966797467592727777e+00,2.872459860333921533e+00,4.643904870445341615e+00,2.804112729695951156e+00,-2.893330221113832312e-01
6.100000000000000000e+01,1.036931756689557678e-02,4.602165663704785650e-03,1.021850742665245636e-03,1.667560835682482204e-03,2.301082831852392825e-03,3.065552227995736907e-03,5.002682507047447047e-03,6.685043400007998571e+00,0.000000000000000000e+00,6.625210900005185977e+00,7.040001219138503075e-05,5.974060000153258443e-02,1.253324352522488638e+01,1.632617205347849598e+00,1.329789628804833335e+01,1.846053271761806158e+01,2.236723766309255623e+00,2.987327314145562074e+00,3.844097632310229939e-01,1.547699756169522622e+01,2.839411396647661956e+00,4.066017640386632159e+00,3.327030400679240607e+00,3.691629165556229886e+00,4.770182293043193411e+00,4.827631441111979171e+00,2.936310800089692585e-01
6.200000000000000000e+01,1.111311169647700124e-02,5.091118015512451946e-03,9.189242507466504391e-04,1.936926645493608273e-03,2.545559007756225973e-03,2.756772752239951101e-03,5.810779936480824602e-03,5.572580699983518571e+00,0.000000000000000000e+00,5.516605600016191602e+00,9.139999747276306152e-05,5.585010000504553318e-02,1.185280634228989705e+01,1.296687456158248430e+00,1.303299704578831708e+01,1.493266458246204387e+01,2.557085715551098204e+00,1.735268325879318341e-01,3.859014939243506603e+01,2.063696509106914156e+00,1.557116501944696640e+00,3.138463393498656551e+00,2.802155081227583722e+00,4.846417466032574950e+00,2.786510203446194822e+00,1.910277015630231778e+00,-1.660970956243668639e-01
6.300000000000000000e+01,2.276275822984247937e-02,1.170334523683572853e-02,2.412934956038331226e-03,3.224093581103207578e-03,5.851672618417864263e-03,7.238804868114993678e-03,9.672280743309622300e-03,6.151485899987164885e+00,0.000000000000000000e+00,6.109096699976362288e+00,1.179999962914735079e-04,4.224919999251142144e-02,6.468861559452433241e+00,1.763205034556301953e+00,1.843564624196185164e+01,1.301792436027469968e+01,2.309372717226472638e+00,8.440458347738462042e-01,2.443506941872194971e-01,6.343156842897808900e+00,1.734204999817821058e+00,2.164074866398542074e+00,2.830256603412433236e+00,2.051280331054532891e+00,3.949896433607317459e+00,4.639166851694040972e+00,-1.901183553238492141e-01
6.400000000000000000e+01,1.659120132820098709e-02,8.322057825549445537e-03,1.630631699977448407e-03,2.512759105164640277e-03,4.161028912774722768e-03,4.891895099932345656e-03,7.538277315493920397e-03,6.494454599975142628e+00,0.000000000000000000e+00,6.454770699987420812e+00,7.310000364668667316e-05,3.958589999820105731e-02,5.960413448545492265e+00,2.492720310274482820e+00,1.427301899483837389e+01,1.849680140041644805e+01,3.676865749563940945e-03,2.202528940591594875e+00,1.465635498011405025e+00,1.972456263288859812e+00,1.744562796676500049e+00,4.189041115479386512e+00,4.425054247188061396e+00,4.074480484490942800e+00,4.531098601136161363e+00,3.333674688770445815e+00,1.710923202911134311e-01
6.500000000000000000e+01,1.753985485332801297e-02,9.292284719220951505e-03,1.631563385723303495e-03,2.666340778849209635e-03,4.646142359610475753e-03,4.894690157169910918e-03,7.999022336547628037e-03,6.259142700000666082e+00,0.000000000000000000e+00,6.211454899981617928e+00,6.419999408535659313e-05,4.760439999517984688e-02,9.612105330087523214e+00,1.518304007902047115e+00,1.302007289763860598e+01,1.752752721532458224e+01,1.787546312470877252e+00,1.590703621370296861e-01,7.441315361941172046e-01,1.979369377999066160e+01,3.578984999274253731e+00,3.812366325765910169e+00,4.489432564186794039e+00,2.537955072841569404e+00,2.625201871823676036e+00,4.006876609434753433e+00,-9.047001774826732290e-02
6.600000000000000000e+01,1.683390422667108838e-02,8.204263018660380366e-03,1.670795053894940469e-03,2.573129185218692768e-03,4.102131509330190183e-03,5.012385161684821192e-03,7.719387555656077871e-03,6.468715800001518801e+00,0.000000000000000000e+00,6.419060500018531457e+00,9.549999958835542202e-05,4.953879999811761081e-02,1.108119294860767212e+01,1.845701999645505964e+00,1.845838188998911633e+01,1.758695880782173759e+01,2.737456417267982722e+00,2.964729790445622015e+00,3.740597534968086535e+01,4.413878630067671338e+00,1.829480896531363809e+00,2.284150453548130955e+00,3.934782402762425413e+00,4.785176599718287349e+00,4.190591400106063347e+00,1.838838121494120292e+00,-1.720493647746583477e-01
6.700000000000000000e+01,1.132910158998487460e-02,4.965949147907108320e-03,9.813685322888521419e-04,1.967340473054921338e-03,2.482974573953554160e-03,2.944105596866556426e-03,5.902021419164764013e-03,5.492339299991726875e+00,0.000000000000000000e+00,5.438927300012437627e+00,8.399999933317303658e-05,5.329579999670386314e-02,9.546251731464606038e+00,1.425679187472237430e+00,1.305888840055919431e+01,1.426243395450682883e+01,1.114693547745138957e+00,2.156866559833680252e+00,3.482944560327680961e+01,1.878599004952679863e+01,2.141979080585379336e+00,4.986728631200760375e+00,3.475864056509457178e+00,4.005759364464360317e+00,3.221224068463055090e+00,4.138138990473533951e+00,2.263818762523335804e-01
6.800000000000000000e+01,9.591353673208079939e-03,4.335446252955315292e-03,8.372367611931449656e-04,1.637306754383662790e-03,2.167723126477657646e-03,2.511710283579435005e-03,4.911920263150988154e-03,4.342973900027573109e+00,0.000000000000000000e+00,4.281041900016134605e+00,3.020002623088657856e-05,6.186680000973865390e-02,1.324728468209046106e+01,2.582795535802123066e+00,1.847750705935231963e+01,1.810909533066216426e+01,1.706621733353134829e+00,7.695360225400549314e-01,4.325820290437417448e+00,1.708516377857665747e+00,1.299652611322920315e+00,2.827091402074248805e+00,3.292793676171168471e+00,2.683693511912471408e+00,2.868899087516850521e+00,4.038357567625588729e+00,2.680432218979050263e-01
6.900000000000000000e+01,1.691065299518847848e-02,7.989476365878591876e-03,1.615315944277737580e-03,2.689988993138657178e-03,3.994738182939295938e-03,4.845947832833212739e-03,8.069966979415971534e-03,3.043118699977640063e+00,0.000000000000000000e+00,3.021918800019193441e+00,5.000000237487256527e-05,2.113730000564828515e-02,6.489107844681216264e+00,1.552356785465701883e+00,1.303184515013576572e+01,1.821543374331437448e+01,2.516261076740099689e+00,2.546056739849603012e+00,3.489867985190396382e+01,1.169484203568719494e+01,4.004614389703145427e+00,2.543461814626226669e+00,2.000541767860211095e+00,3.981797015363990333e+00,4.677375422096964996e+00,1.183682354622014099e+00,1.959602131604325503e-01
7.000000000000000000e+01,9.907792988389845998e-03,4.548685235437142232e-03,8.892939594419038392e-04,1.655189497448521013e-03,2.274342617718571116e-03,2.667881878325711626e-03,4.965568492345562822e-03,2.949404300015885383e+00,0.000000000000000000e+00,2.923523100005695596e+00,3.550000838004052639e-05,2.582870001788251102e-02,1.184919014493692302e+01,2.966130917755751994e+00,1.746088024749664314e+01,1.840492913633557848e+01,1.138882800964272857e+00,2.909419458428704752e-01,1.139517087225780756e+01,1.456283282943211965e+00,2.769433794981955188e+00,3.410864628860337255e+00,4.986469665549966734e+00,3.507505101093277400e+00,3.899006612455987231e+00,3.702060888145623174e+00,2.905617916122147926e-01
7.100000000000000000e+01,1.439887409966974369e-02,7.010807134136242021e-03,1.240008265130216301e-03,2.391148579070324735e-03,3.505403567068121010e-03,3.720024795390648904e-03,7.173445737210974206e-03,5.660835099988617003e+00,0.000000000000000000e+00,5.617838100006338209e+00,7.189999450929462910e-05,4.291139999986626208e-02,1.009412201704486911e+01,1.441449974095854181e+00,1.541627892495261776e+01,1.435067994760705901e+01,1.498118561968871498e+00,9.671343493388975809e-02,3.897316459192333582e+01,8.885844219056956206e+00,3.709902814021238004e+00,3.671437075701873720e+00,4.285017170055269276e+00,3.735736550194693084e+00,2.142007045787333031e+00,3.781429764731736309e+00,2.217313685788558364e-01
7.200000000000000000e+01,1.232401211894438089e-02,7.106952307788597274e-03,1.115501762801148497e-03,1.808010225548878922e-03,3.553476153894298637e-03,3.346505288403445709e-03,5.424030676646636982e-03,5.969659299997147173e+00,0.000000000000000000e+00,5.928638100012904033e+00,6.349998875521123409e-05,4.093909999937750399e-02,8.121938189156484356e+00,1.060503559389825545e+00,1.744223245390137578e+01,1.480204621524824837e+01,1.661299434432896849e+00,7.365355666395518863e-01,7.432902883369277847e-01,1.713554232894837170e+01,2.410349763867152717e+00,3.727892145606330310e+00,2.228294704101319468e+00,3.810078294313050229e+00,3.213115548833338941e+00,4.634614083970694409e+00,2.898170963831405156e-01
7.300000000000000000e+01,1.099279192043892475e-02,5.083734961117056077e-03,8.916902446897316883e-04,1.925284568603733738e-03,2.541867480558528038e-03,2.675070734069195065e-03,5.775853705811201215e-03,5.489614399994025007e+00,0.000000000000000000e+00,5.429715400008717552e+00,6.589997792616486549e-05,5.980370001634582877e-02,7.903579406198808499e+00,1.262692414676198860e+00,1.489856774497670600e+01,1.317282501783379267e+01,2.575936842431369111e+00,1.880406173827122163e-01,1.423056525094834775e-02,1.844959072208492756e+01,3.641393102432562756e+00,4.126963243424047079e+00,3.281260400538982935e+00,4.085829446828460831e+00,4.862353599894328582e+00,4.106002611495201293e+00,-2.603356681915081627e-01
7.400000000000000000e+01,1.173202694731236354e-02,5.225246649103988672e-03,1.017467281920519679e-03,2.022333925666270054e-03,2.612623324551994336e-03,3.052401845761559037e-03,6.067001776998809728e-03,4.831410099985077977e+00,0.000000000000000000e+00,4.786773500003619120e+00,8.860000525601208210e-05,4.452709999168291688e-02,7.894939410766965260e+00,1.553045430657565618e+00,1.372700357284533190e+01,1.313441050198646387e+01,2.127140407706273439e+00,2.047163826971566958e-01,1.788058711642183107e+00,9.674431405833342268e+00,1.951862622032824790e+00,3.660450492564689462e+00,3.177833329199610812e+00,2.417625676798476064e+00,3.223368251135839024e+00,4.676765562979438684e+00,1.942705235931772023e-01
7.500000000000000000e+01,1.420444735681226749e-02,8.522543860108327055e-03,1.248191625961219764e-03,2.066200182958148005e-03,4.261271930054163527e-03,3.744574877883659510e-03,6.198600548874444449e-03,6.151216600002953783e+00,0.000000000000000000e+00,6.093214600026840344e+00,8.420000085607171059e-05,5.789389999699778855e-02,8.034681217518627960e+00,1.799037010993108199e+00,1.635568981262238353e+01,1.848177914214508633e+01,8.750583131674853909e-01,2.839530195362920395e+00,3.874631076741634672e+01,1.294643794896919253e+01,3.808717580169238559e+00,2.522694759919822616e+00,2.848736228791625358e+00,3.425942261700027913e+00,3.208249354856733238e+00,4.547145351565742288e+00,1.357665122753694553e-01
7.600000000000000000e+01,1.508274106566564327e-02,8.580709448523888769e-03,1.357123364594176257e-03,2.240338749207056775e-03,4.290354724261944384e-03,4.071370093782528989e-03,6.721016247621169892e-03,6.110704799997620285e+00,0.000000000000000000e+00,6.061441800004104152e+00,7.070001447573304176e-05,4.917070001829415560e-02,5.705031767085531946e+00,1.295266529288029655e+00,1.840428237085549767e+01,1.725678938583643074e+01,1.427961515681873461e+00,2.069089680182855662e-01,5.532626807315382811e-01,1.391358495998396450e+01,4.192746311062648168e+00,4.534198732502202844e+00,2.643923050500353700e+00,3.767721956991765708e+00,2.075304529330118442e+00,2.178045419851899922e+00,-2.981515160625047289e-01
7.700000000000000000e+01,9.691535663202150569e-03,4.356035806458684843e-03,8.570478958866025289e-04,1.647458024104333412e-03,2.178017903229342422e-03,2.571143687659807695e-03,4.942374072313000452e-03,6.352587100001983345e+00,0.000000000000000000e+00,6.307480999996187165e+00,8.269998943433165550e-05,4.499819999909959733e-02,1.229379222988800180e+01,2.450657635197217132e+00,1.847981615177357995e+01,1.559511032996718249e+01,8.757991651574985603e-01,2.905204238325862054e+00,1.263075020180437935e+00,1.014679428719109389e+01,2.613451903257049125e+00,4.821928168582315877e+00,2.033708070298346549e+00,3.758477139641127618e+00,4.280193748390110464e+00,4.135153306897586312e+00,2.320106733851367564e-01
7.800000000000000000e+01,1.085199655523185966e-02,4.967895310985293023e-03,8.911178190247821037e-04,1.898231814221621990e-03,2.483947655492646511e-03,2.673353457074346094e-03,5.694695442664866186e-03,5.118905999988783151e+00,0.000000000000000000e+00,5.081018899974878877e+00,7.460001506842672825e-05,3.779339999891817570e-02,1.155173868375612756e+01,1.432518609908460139e+00,1.318142715055206970e+01,1.320370958983876974e+01,7.460128504226699597e-01,3.292141406238090484e-01,2.814652077635655392e+00,1.725891865931356151e+01,4.115739971786818607e+00,2.207251341848423198e+00,4.514863514071686623e+00,3.811184886690341500e+00,3.030970443430808015e+00,3.493982249811617535e+00,-2.968420020074942767e-01
7.900000000000000000e+01,1.564379857224510936e-02,7.596142598035331497e-03,1.342718005267139495e-03,2.605857752475341637e-03,3.798071299017665749e-03,4.028154015801418270e-03,7.817573257426024477e-03,5.754522500006714836e+00,0.000000000000000000e+00,5.710159799986286089e+00,1.001999771688133478e-04,4.423589998623356223e-02,1.141093819538109955e+01,2.784125054077990491e+00,1.387037346357890222e+01,1.610668779606299239e+01,2.494289805629116064e+00,2.997016128476700292e+00,3.768247090322380899e+01,1.314131001086445849e+01,3.138026736849704346e+00,2.130920496032667533e+00,4.594783381842912462e+00,3.631901933986702691e+00,4.041412651840793124e+00,2.492243082767542361e+00,2.166063542721907709e-02
8.000000000000000000e+01,1.295585863472513422e-02,5.816779107568787431e-03,1.397382002504990320e-03,1.951774357808589702e-03,2.908389553784393716e-03,4.192146007514971177e-03,5.855323073425768889e-03,5.918060900003183633e+00,0.000000000000000000e+00,5.853913599974475801e+00,8.420000085607171059e-05,6.403370000771246850e-02,8.818645821327809387e+00,2.882650879446076786e+00,1.841480199734285605e+01,1.496223248610409229e+01,1.801243677312365232e+00,7.023964244159232317e-02,3.822506470322641547e+01,8.470705890889899337e+00,3.151891484333999127e+00,4.324361858233243261e+00,3.809681103726776819e+00,4.625711301965020894e+00,4.925148209077812922e+00,2.596727198361657774e+00,4.738006271413158776e-02
8.100000000000000000e+01,9.873489826276801370e-03,4.411921242180042585e-03,8.374280477714801099e-04,1.718415020624113358e-03,2.205960621090021292e-03,2.512284143314440221e-03,5.155245061872339857e-03,6.572171400010120124e+00,0.000000000000000000e+00,6.518341499991947785e+00,6.449999636970460415e-05,5.372370002442039549e-02,1.434112010180983710e+01,2.644041038399054244e+00,1.830822104818083673e+01,1.706209794850611061e+01,2.944531472806799499e+00,2.947026801054617451e+00,3.503201640106030190e+00,1.686930632184751033e+01,2.909674224074264348e+00,2.588560056730628833e+00,2.852757110187026601e+00,3.299338448325462192e+00,4.181444400753907331e+00,3.517229635734366422e+00,2.853657595524387580e-01
8.200000000000000000e+01,2.119911465685439186e-02,1.129917987335855162e-02,1.815571650161524860e-03,3.367603256563513753e-03,5.649589936679275809e-03,5.446714950484574796e-03,1.010280976969054126e-02,5.909600599989062175e+00,0.000000000000000000e+00,5.858825500006787479e+00,8.599998545832931995e-05,5.066320000332780182e-02,1.452843097049048637e+01,2.675424388245270180e+00,1.304423714294790315e+01,1.844320795194426310e+01,7.918439537060657507e-01,2.777477050847028561e+00,5.729937723139366668e+00,1.012384747382818873e+01,1.455691804962682578e+00,4.523883431108771447e+00,2.548588247894107539e+00,2.137783446999972803e+00,2.364752130059960322e+00,1.751906051454667379e+00,-2.904355535671286903e-01
8.300000000000000000e+01,1.110468609828417670e-02,5.161026777512940297e-03,9.020171509229569324e-04,1.939373752252945143e-03,2.580513388756470149e-03,2.706051452768870689e-03,5.818121256758835430e-03,5.455813400010811165e+00,0.000000000000000000e+00,5.403828699985751882e+00,8.040000102482736111e-05,5.186380000668577850e-02,1.362020157308020352e+01,1.254946804077641254e+00,1.564357504837571611e+01,1.306848359590877529e+01,2.132593315825009328e-01,2.711498253044874462e-01,3.889337755151682074e+01,9.342400472972229863e+00,3.593652654227147636e+00,3.298429192802009524e+00,2.613665027923220752e+00,2.084698610045194300e+00,2.959083436939453637e+00,2.033435759782233454e+00,-2.619082587792646577e-01
8.400000000000000000e+01,9.854307523385430131e-03,4.491537492836741342e-03,8.736207962504417487e-04,1.662558796071911477e-03,2.245768746418370671e-03,2.620862388751325246e-03,4.987676388215734648e-03,6.316966999991564080e+00,0.000000000000000000e+00,6.259713200008263811e+00,8.680002065375447273e-05,5.714180000359192491e-02,8.918543318197869496e+00,1.845492517681189160e+00,1.769217914028997285e+01,1.815347000925490661e+01,1.280841802957176923e-01,2.825377891974200750e+00,3.359067921829684877e+01,1.141668184807408259e+01,2.006988647861113861e+00,4.575444183519124408e+00,3.221108961345490407e+00,3.647296309473413878e+00,3.105034062591216948e+00,2.687459010228903544e+00,2.965606117137960518e-01
8.500000000000000000e+01,1.094061286675468772e-02,5.107883424290735053e-03,8.900880311057920210e-04,1.905469020430648188e-03,2.553941712145367526e-03,2.670264093317375846e-03,5.716407061291944348e-03,5.281398599996464327e+00,0.000000000000000000e+00,5.232854500005487353e+00,6.469999789260327816e-05,4.845530001330189407e-02,1.214755747198455005e+01,1.609625737565002712e+00,1.341424383189749925e+01,1.499303109941993917e+01,6.197466638057280708e-01,2.719995665425329445e+00,3.411607512804977915e+01,5.096659987537278447e+00,4.604919555190321034e+00,4.956092441311638730e+00,4.154401620293663555e+00,3.933874853553699147e+00,2.409134369488514338e+00,3.339858276459929609e+00,-2.610823454547309130e-01
8.600000000000000000e+01,1.085276759663594132e-02,5.029087188181857043e-03,8.725755497779190449e-04,1.906832451070418662e-03,2.514543594090928522e-03,2.617726649333757243e-03,5.720497353211255985e-03,5.445283500012010336e+00,0.000000000000000000e+00,5.399577099975431338e+00,1.036000030580908060e-04,4.557190000195987523e-02,1.202812680245466836e+01,1.411373146664998579e+00,1.472952716568605602e+01,1.417409545804896709e+01,8.932524071134482213e-01,2.649734481661405017e+00,3.712677721900337957e+01,1.201405684406079288e+01,2.431778043104779741e+00,4.891151482632964509e+00,3.069176148702329243e+00,4.582346347272823195e+00,4.593863256788547567e+00,2.133731101653414619e+00,-2.502096816745557062e-01
8.700000000000000000e+01,1.091999627727685551e-02,5.007359804003903674e-03,8.940367519453745271e-04,1.911402039812926590e-03,2.503679902001951837e-03,2.682110255836123690e-03,5.734206119438779552e-03,5.419020699977409095e+00,0.000000000000000000e+00,5.364564300019992515e+00,8.930001058615744114e-05,5.433610000181943178e-02,1.467714342133015748e+01,1.646414538863521404e+00,1.388340110726404042e+01,1.382741767666612276e+01,1.339828834901004573e+00,7.796383963610822310e-01,5.052853012235340557e+00,1.799904858603478530e+01,3.411700924778527710e+00,3.538070553223541026e+00,2.233509505037591492e+00,3.611244776621313601e+00,2.071111815832054504e+00,4.725092092244579156e+00,-2.838483986296002071e-01
8.800000000000000000e+01,1.634115664377956342e-02,8.748896768267030652e-03,1.388366894258542253e-03,2.600535858956807330e-03,4.374448384133515326e-03,4.165100682775626541e-03,7.801607576870421557e-03,5.543456899991724640e+00,0.000000000000000000e+00,5.481463999982224777e+00,7.680000271648168564e-05,6.188739999197423458e-02,9.458325400814603157e+00,2.360175328351845181e+00,1.303589701521068100e+01,1.696945705920858671e+01,2.197012386838864906e+00,9.529013565225867843e-01,9.309808636060216358e+00,1.500131535717759812e+00,3.032905661275884679e+00,2.174492731835460990e+00,4.296236356659234978e+00,3.275510612565935453e+00,4.527954020598317086e+00,4.188818305611498261e+00,2.966187256158374086e-01
8.900000000000000000e+01,1.129927786260346255e-02,6.801301437865284009e-03,9.388080981566274260e-04,1.694067616400312792e-03,3.400650718932642005e-03,2.816424294469882170e-03,5.082202849200937941e-03,5.806255600007716566e+00,0.000000000000000000e+00,5.754609800002072006e+00,6.800002302043139935e-05,5.154799998854286969e-02,1.305150775199165558e+01,1.131204051602187954e+00,1.828382315599263919e+01,1.561500334444959748e+01,2.390324385203475899e+00,2.019021783182086249e+00,3.879606392808687332e+01,1.146964809029884691e+01,4.395204817611432446e+00,2.328194951415397895e+00,4.962638484207403167e+00,3.847188879056735900e+00,4.986733388085438534e+00,3.112255253348216399e+00,2.926135287166752863e-01
9.000000000000000000e+01,1.361431948236355681e-02,6.774436728086516424e-03,1.160150817618408508e-03,2.248882888488357764e-03,3.387218364043258212e-03,3.480452452855225740e-03,6.746648665465072858e-03,5.624234099988825619e+00,0.000000000000000000e+00,5.572394699993310496e+00,8.509997860528528690e-05,5.172620000666938722e-02,7.689890922747874669e+00,1.598378347281060652e+00,1.609751588879726825e+01,1.304410802881362486e+01,2.752778520941473683e+00,2.044450637138680027e-01,8.080288724567447289e+00,6.262562968725368329e+00,1.043405536637594277e+00,3.569462750739870849e+00,2.552496329452852208e+00,3.694061022921053095e+00,2.350655677440000701e+00,4.802362203238452310e+00,-2.858237582193207671e-01
9.100000000000000000e+01,1.105720885590635860e-02,5.316145533568705263e-03,8.777382584401772223e-04,1.921973771267158210e-03,2.658072766784352631e-03,2.633214775320531775e-03,5.765921313801474629e-03,5.694858399976510555e+00,0.000000000000000000e+00,5.647087099991040304e+00,6.740001845173537731e-05,4.767689999425783753e-02,8.070173416140164591e+00,1.191606603053751323e+00,1.306452817700922431e+01,1.629251078046765855e+01,1.850196581825240161e+00,2.847226833807197988e+00,3.773918249103781619e+01,7.761292447514712478e+00,2.025470449784671167e+00,2.174089263409733519e+00,4.359173096803670155e+00,4.322517325581398673e+00,2.991205607225069230e+00,1.442085009397253703e+00,-2.684807385950283010e-01
9.200000000000000000e+01,1.582591452933159587e-02,7.800329171689013644e-03,1.390382599233798986e-03,2.584867381928563669e-03,3.900164585844506822e-03,4.171147797701397174e-03,7.754602145785691007e-03,6.079758300009416416e+00,0.000000000000000000e+00,6.023291999998036772e+00,9.230000432580709457e-05,5.626449998817406595e-02,1.231737710093403848e+01,2.062692769294600659e+00,1.707589464924672740e+01,1.459727043933468948e+01,1.034442588362781468e+00,5.873944905665160476e-01,3.244797569146709582e-01,1.874422117591142012e+01,3.837107682690918509e+00,4.099698410553647143e+00,2.234606579768151580e+00,2.590042025572066642e+00,3.742313661017502735e+00,4.995640482881366751e+00,-2.918939813914475656e-01
9.300000000000000000e+01,1.321317481308917179e-02,8.188582085407711958e-03,1.167474487873653094e-03,1.872153435588118841e-03,4.094291042703855979e-03,3.502423463620959500e-03,5.616460306764356307e-03,6.337706000020261854e+00,0.000000000000000000e+00,6.286770900012925267e+00,8.769999840296804905e-05,5.081799998879432678e-02,6.621259497804461880e+00,2.710480258731339909e+00,1.847005418402176247e+01,1.468824630769461947e+01,8.761598642471712939e-01,6.544950993589118138e-01,2.202624710406821507e+00,1.788449710223755318e+01,1.459575113355399356e+00,3.519440564760430323e+00,2.950234173992530629e+00,3.078528508920676643e+00,4.453520567997795609e+00,1.798314499310808001e+00,2.891643221301825606e-01
9.400000000000000000e+01,1.288042303119079843e-02,5.857783622943282982e-03,1.113347213385141796e-03,2.203829859854577328e-03,2.928891811471641491e-03,3.340041640155425387e-03,6.611489579563731983e-03,6.051420500007225201e+00,0.000000000000000000e+00,5.986821400001645088e+00,9.859999408945441246e-05,6.447399998432956636e-02,1.113877356081046344e+01,2.361244241405505040e+00,1.412768481509747076e+01,1.559540837065888041e+01,4.105047353043544955e-01,1.092310519258483437e+00,4.896130622644459862e+00,1.868609807352087593e+00,2.716222751051766249e+00,3.752557808552232643e+00,2.754321703853547909e+00,4.341975223762084113e+00,4.941592381482545093e+00,4.282366909664657939e+00,-2.846475753590838598e-01
9.500000000000000000e+01,9.805650639763628315e-03,4.270503891667746729e-03,8.395382721274467948e-04,1.717261292515804639e-03,2.135251945833873365e-03,2.518614816382340384e-03,5.151783877547414132e-03,6.842644799995468929e+00,0.000000000000000000e+00,6.784091400011675432e+00,7.179999374784529209e-05,5.845460001728497446e-02,9.914434897184985829e+00,2.903137270149223514e+00,1.821541117408935762e+01,1.847490484791458698e+01,1.952120983508798702e+00,1.129033991489332811e+00,1.832079583338176931e+01,1.593341471262362496e+01,4.913672759395250722e+00,3.546404171896539559e+00,3.826061811312300165e+00,3.093586729031241767e+00,4.889040647369466086e+00,4.033274622335902393e+00,2.172604497033672755e-01
9.600000000000000000e+01,1.015696430305247124e-02,4.827935931397514015e-03,9.871371038943496309e-04,1.593861675223554823e-03,2.413967965698757007e-03,2.961411311683048893e-03,4.781585025670664901e-03,6.225787400006083772e+00,0.000000000000000000e+00,6.169585499999811873e+00,8.609998621977865696e-05,5.609269998967647552e-02,6.964884413609236269e+00,2.951705289265253995e+00,1.824765195475330160e+01,1.525415035935077768e+01,1.094466389656172822e+00,2.303027383307554743e+00,5.630474367547073200e+00,2.955535749572762327e+00,1.733096692496461699e+00,4.864196382324177392e+00,2.460138384405584411e+00,3.295159229761668307e+00,2.127063399682522782e+00,4.883386400103384872e+00,2.784993506132587560e-01
9.700000000000000000e+01,1.083042371495192106e-02,5.062687225918133770e-03,8.871847513994341643e-04,1.879175282598183859e-03,2.531343612959066885e-03,2.661554254198302601e-03,5.637525847794551577e-03,5.529312800004845485e+00,0.000000000000000000e+00,5.480160100007196888e+00,8.890000754036009312e-05,4.903510000440292060e-02,1.051601892793553006e+01,1.740864775224652217e+00,1.300422011092718577e+01,1.539790780409467708e+01,1.901198390459065024e+00,2.818035800160869631e-01,1.462594996868278230e+01,3.714040841609052901e+00,3.467107386754429754e+00,2.964776248952815330e+00,4.700332229096481740e+00,2.042482696123443464e+00,4.800625617646034016e+00,4.382369284208667892e+00,-2.735065417242951713e-01
9.800000000000000000e+01,2.318152224369234016e-02,1.162334286445953699e-02,2.129159013427940877e-03,3.660791257059583300e-03,5.811671432229768494e-03,6.387477040283822197e-03,1.098237377117874947e-02,6.123603100015316159e+00,0.000000000000000000e+00,6.057075399992754683e+00,9.079999290406703949e-05,6.640710000647231936e-02,1.274604871970091757e+01,1.487270151306514521e+00,1.817135789480116870e+01,1.492794644321123698e+01,2.252048237438942557e+00,8.128391215434507822e-02,3.825773493962603311e+01,8.318792435780061112e+00,1.469703813630256040e+00,3.940999980051453022e+00,3.613252922923178900e+00,3.269118798867048703e+00,2.020036623343048898e+00,2.686775560137660612e+00,-2.825222356479881736e-01
9.900000000000000000e+01,1.119841590028165801e-02,4.906096712421145929e-03,9.669806770659683829e-04,1.948141837624393262e-03,2.453048356210572965e-03,2.900942031197905040e-03,5.844425512873180004e-03,5.603787700005341321e+00,0.000000000000000000e+00,5.555206400022143498e+00,1.510000147391110659e-04,4.840349999722093344e-02,1.075225733928908589e+01,2.758880192409896459e+00,1.316442246791816295e+01,1.483285540289161375e+01,2.751289292798491548e+00,2.458792637873191023e+00,3.693806374613650689e+01,1.405724150876740630e+00,4.824024100192208842e+00,2.883210781047591098e+00,2.278071915183856433e+00,3.369162827565175711e+00,2.463030781471011288e+00,1.631368327384696837e+00,2.470601219995547937e-01
1.000000000000000000e+02,9.634273343230973646e-03,4.247929503733340745e-03,8.411667006789132900e-04,1.662269496442520846e-03,2.123964751866670372e-03,2.523500102036739870e-03,4.986808489327562537e-03,6.527301199996145442e+00,0.000000000000000000e+00,6.483331600000383332e+00,8.349999552592635155e-05,4.386350000277161598e-02,1.169757585104201070e+01,1.996307380476507243e+00,1.600231860812782259e+01,1.846686815918799240e+01,2.573292661897339073e+00,9.964308602324805086e-01,2.605616377141627638e+00,3.636290182072777544e+00,4.360461081341968637e+00,4.272574950545431349e+00,4.335205681171502512e+00,4.116807464926653282e+00,4.623562768709088999e+00,1.357682490806210396e+00,2.921676580539377954e-01
1.010000000000000000e+02,1.114119695606792179e-02,4.967875828168272744e-03,9.450774762789977993e-04,1.940675537715597521e-03,2.483937914084136372e-03,2.835232428836993290e-03,5.822026613146792998e-03,5.066649900021729991e+00,0.000000000000000000e+00,5.017016300000250340e+00,8.880000677891075611e-05,4.951650000293739140e-02,1.194691246842524635e+01,1.941800497542873760e+00,1.305759942031503229e+01,1.318558194260074146e+01,1.093611023392706327e+00,1.746195902346489692e+00,3.867943080426844205e+01,1.265102821860589755e+00,2.971426755996068536e+00,2.676508706837234186e+00,4.040532949435338139e+00,2.119735780798934766e+00,2.345485734115495990e+00,4.656108869803769146e+00,-5.782276185914841937e-02
1.020000000000000000e+02,1.071666678887636323e-02,5.017254703493981456e-03,8.473846999428307630e-04,1.888628445766960288e-03,2.508627351746990728e-03,2.542154099828492289e-03,5.665885337300880648e-03,5.360959599987836555e+00,0.000000000000000000e+00,5.305961599980946630e+00,9.799998952075839043e-05,5.486839998047798872e-02,8.937365495710034580e+00,2.686495919490609285e+00,1.387858276452823780e+01,1.553704492147870475e+01,1.116492214863410659e+00,1.787713771317001737e-02,3.427592389373696591e+01,3.238531987763426212e+00,3.293477442244939102e+00,3.246372196562817614e+00,4.052465420997982903e+00,2.501518216257957228e+00,2.851796686065442898e+00,2.954778278683074966e+00,-2.972412288693294657e-01
1.030000000000000000e+02,1.004529219215536187e-02,4.366670261109028076e-03,9.749615433385745364e-04,1.645690810528374669e-03,2.183335130554514038e-03,2.924884630015723609e-03,4.937072431585124224e-03,6.838310399994952604e+00,0.000000000000000000e+00,6.780616400006692857e+00,7.190002361312508583e-05,5.759430001489818096e-02,6.353333937899503958e+00,1.290120850052511869e+00,1.634930010432888281e+01,1.728112451137796057e+01,2.732452068724597005e+00,7.608555317197871481e-01,1.983271759173244719e+00,1.022161362764294879e+01,1.014299368357479469e+00,3.910397479715912450e+00,3.423307551551036720e+00,3.836456797882511260e+00,2.000819381931342011e+00,4.701015641582939608e+00,2.456469388609829330e-01
1.040000000000000000e+02,1.918825949228402522e-02,7.464506734598674517e-03,2.098275331168265694e-03,3.053726710493297539e-03,3.732253367299337259e-03,6.294825993504797081e-03,9.161180131479892616e-03,5.636744899995392188e+00,0.000000000000000000e+00,5.593287700001383200e+00,9.509999654255807400e-05,4.333830001996830106e-02,1.129119597378790552e+01,2.810058978255895568e+00,1.833555749653485378e+01,1.307635247826049607e+01,1.916415046471323658e+00,2.226358849794440431e+00,3.732216107402378924e+01,3.978525756336766417e+00,3.503709906559781206e+00,2.417677590802895349e+00,4.382368536255139446e+00,3.550728524224606275e+00,3.895424007075827255e+00,2.607430092833436852e+00,2.903480623265072835e-01
1.050000000000000000e+02,1.329889257661929364e-02,6.923042576839023507e-03,1.293231984015873930e-03,1.985891778717386192e-03,3.461521288419511753e-03,3.879695952047622007e-03,5.957675336152159010e-03,6.099112099997000769e+00,0.000000000000000000e+00,6.036546300019836053e+00,1.187000016216188669e-04,6.241849999059922993e-02,8.809530231365521047e+00,2.352629244598980485e+00,1.482655572795774468e+01,1.841179408115712235e+01,2.072494894169539137e+00,8.483281325213345436e-01,3.420135046216234542e+01,1.962307896083227376e+01,1.806597246760593967e+00,4.346011435539629097e+00,2.340441075866523057e+00,2.532011023035032338e+00,4.531161901497755551e+00,4.651616263886551472e+00,2.911156993444048990e-01
1.060000000000000000e+02,1.086821467612384545e-02,4.992237743666440991e-03,1.108837380688875275e-03,1.681861220741333188e-03,2.496118871833220496e-03,3.326512142066626043e-03,5.045583662223999781e-03,6.430257600004551932e+00,0.000000000000000000e+00,6.373671199980890378e+00,1.012999855447560549e-04,5.645460000960156322e-02,1.361460544953891016e+01,1.354059964131803406e+00,1.620654626532972742e+01,1.815476879876396410e+01,2.991419992775571579e+00,2.211196020432677933e+00,2.149030745577180213e+01,1.645234767747761850e+01,1.517666011789898128e+00,2.375366984716862806e+00,3.494793915764356385e+00,2.490239426373136666e+00,2.474871816509313760e+00,3.547351397663657036e+00,2.840781600257927253e-01
1.070000000000000000e+02,1.424297300228544172e-02,8.522210735975640356e-03,1.275635707574438718e-03,2.051653503858101579e-03,4.261105367987820178e-03,3.826907122723315936e-03,6.154960511574304738e-03,6.267723199998727068e+00,0.000000000000000000e+00,6.217218200006755069e+00,8.019999950192868710e-05,5.039679998299106956e-02,6.106189473385772892e+00,2.628323639302810655e+00,1.839702556284967372e+01,1.847128980479332938e+01,2.486988342499265037e-01,4.797773713674261531e-01,3.172192688019484308e+01,1.728192240981432448e+01,3.020494324848244094e+00,2.202277128129253914e+00,3.881433927470254730e+00,3.869492860944865775e+00,3.002286344510007865e+00,3.952189068002175176e+00,-2.665222601679183567e-01
1.080000000000000000e+02,1.144029049881001986e-02,5.533362964590457858e-03,8.999190695904051625e-04,1.991283935914525509e-03,2.766681482295228929e-03,2.699757208771215271e-03,5.973851807743576527e-03,5.706976599991321564e+00,0.000000000000000000e+00,5.657239100022707134e+00,8.709999383427202702e-05,4.962049997993744910e-02,1.400045942125187537e+01,2.760703934524014524e+00,1.717412796392303420e+01,1.303472384088329505e+01,1.238482101098615784e+00,2.229222431890754308e+00,3.752744791899577592e+01,9.315564720737230076e+00,1.041650118157046556e+00,3.942683637546629871e+00,2.709026372362199453e+00,4.909158807908653444e+00,4.686115879945676355e+00,4.308330099107386957e+00,-2.899947593680586300e-01
1.090000000000000000e+02,1.126366532357521086e-02,5.480568922206720608e-03,1.114004157994005284e-03,1.727122796163278089e-03,2.740284461103360304e-03,3.342012473982016070e-03,5.181368388489834484e-03,6.011840399994980544e+00,0.000000000000000000e+00,5.958191999990958720e+00,7.650000043213367462e-05,5.355039998539723456e-02,9.156764190787418656e+00,1.410065508309551241e+00,1.848893173437168258e+01,1.634172298220174468e+01,1.603161195375169878e+00,2.130298051792868463e+00,3.020070290461232787e+01,1.219828363101405166e+01,1.003502768172525705e+00,4.591078136327312542e+00,3.093994446119848973e+00,4.351738297428200397e+00,3.785918068092982480e+00,4.426084366454142938e+00,2.979843620759302092e-01
1.100000000000000000e+02,1.134076063656828948e-02,5.111190436420295566e-03,9.636044680181912172e-04,1.964784004767856484e-03,2.555595218210147783e-03,2.890813404054573543e-03,5.894352014303569018e-03,5.163032500015106052e+00,0.000000000000000000e+00,5.109599599993089214e+00,6.700001540593802929e-05,5.333939997944980860e-02,5.080701464336788042e+00,1.291238547368056100e+00,1.393866476269614196e+01,1.329183713548190582e+01,4.446032421703606241e-01,4.324773156179686495e-01,3.832679436610906265e+01,1.413005012180504849e+01,2.173313009499620918e+00,4.580044198752255546e+00,4.890552944982887951e+00,4.363359159044111202e+00,2.722373658368936855e+00,2.333717557674447107e+00,1.010184521063503538e-01
1.110000000000000000e+02,1.125542988537055027e-02,4.886298230349552657e-03,1.063784859351373175e-03,1.873642064047218066e-03,2.443149115174776329e-03,3.191354578054119741e-03,5.620926192141654197e-03,6.718818399996962398e+00,0.000000000000000000e+00,6.643766399996820837e+00,9.240000508725643158e-05,7.493189998785965145e-02,6.957397191411975435e+00,2.716080469291571209e+00,1.772194137335815256e+01,1.849366809241879750e+01,2.572301410851748571e+00,1.958559075438992103e+00,1.437111994162977080e+00,1.233634360033577515e+01,1.032027523801190227e+00,3.028556742174350447e+00,3.613543545248225186e+00,3.234175853929345479e+00,3.710224211658328386e+00,4.055539530780026602e+00,-2.950564875826615086e-01
1.120000000000000000e+02,1.230952267638400419e-02,5.623832593951367739e-03,1.092465395867008157e-03,2.073403397269098832e-03,2.811916296975683870e-03,3.277396187601024254e-03,6.220210191807296063e-03,5.418538499972783029e+00,0.000000000000000000e+00,5.371476900007110089e+00,1.219999976456165314e-04,4.691309999907389283e-02,5.738658790335700033e+00,2.581269024482689467e+00,1.302598457409485988e+01,1.614246530496718535e+01,2.663841496826226951e+00,1.357167729905027542e+00,3.514040200778443790e+01,4.391276150567680503e+00,4.813132854007267980e+00,4.829522287343885445e+00,2.480899222006677007e+00,2.988131754289710784e+00,2.918085462234523142e+00,2.925097048851173387e+00,2.925218970873742497e-01
1.130000000000000000e+02,1.203358512136495223e-02,4.838239499188054862e-03,1.144079683250955916e-03,2.060742107339352640e-03,2.419119749594027431e-03,3.432239049752867747e-03,6.182226322018057919e-03,5.446251500019570813e+00,0.000000000000000000e+00,5.390938399999868125e+00,8.289999095723032951e-05,5.520009997417218983e-02,1.396591938000909572e+01,2.160548920221827096e+00,1.302757722562122567e+01,1.305261850206384899e+01,2.135414007723723362e+00,2.795114464651094366e+00,1.704119628737358738e+01,6.298241361708363684e+00,1.069830021289832622e+00,2.190673495123693915e+00,3.165842450625295790e+00,3.133810640056134300e+00,2.703492945845149098e+00,1.662670737899571538e+00,2.587954377316530885e-01
1.140000000000000000e+02,1.466461731649856652e-02,6.990046522571310636e-03,1.226721782328920891e-03,2.496476236075382844e-03,3.495023261285655318e-03,3.680165346986762672e-03,7.489428708226148965e-03,3.070517499989364296e+00,0.000000000000000000e+00,2.996011800016276538e+00,2.809998113662004471e-05,7.445000001462176442e-02,1.131672340347967953e+01,1.727724896315015801e+00,1.342667862088372921e+01,1.750283325139520230e+01,1.012842798224631580e-01,2.691809788240165702e+00,3.732902030145270800e+01,1.199391869654209053e+01,1.033593202371212882e+00,3.689414847064995673e+00,2.582332088718682250e+00,3.794148235910966172e+00,4.619631561642487227e+00,3.920045316244054945e+00,-2.994067776208577114e-01
1.150000000000000000e+02,9.706827705150383734e-03,4.258676535312452653e-03,8.256561533708980374e-04,1.700173659127154468e-03,2.129338267656226327e-03,2.476968460112694004e-03,5.100520977381462970e-03,2.039279999997233972e+00,0.000000000000000000e+00,2.025708800007123500e+00,2.289999974891543388e-05,1.353760002530179918e-02,6.216860505157775663e+00,2.468621602900428424e+00,1.847060336453706242e+01,1.828396433479383987e+01,2.128536063556871305e+00,2.064760694133782160e+00,3.769942518655643227e+01,1.717988445434208700e+01,3.779839494127300803e+00,4.152805596327810100e+00,4.881415666925892793e+00,2.657050228634447731e+00,4.884823379435415447e+00,1.839420763409729487e+00,2.852748148263665739e-01
1.160000000000000000e+02,1.275107538059238980e-02,5.856575381756721002e-03,1.104469491449950247e-03,2.169793071788059594e-03,2.928287690878360501e-03,3.313408474349850523e-03,6.509379215364178781e-03,1.677944900002330542e+00,0.000000000000000000e+00,1.664092799997888505e+00,2.410000888630747795e-05,1.381830000900663435e-02,1.141194077867179857e+01,2.030269095285404113e+00,1.302333981147371667e+01,1.486628843476086104e+01,2.302489575029317059e+00,1.026287900546292375e+00,1.126376126416834378e+00,6.622692362940275856e+00,1.255305852109506404e+00,4.940196466950716569e+00,2.099590702496161754e+00,2.296714842887091379e+00,4.607028385229128276e+00,3.260965637181130639e+00,-2.392372891078338726e-01
1.170000000000000000e+02,1.500591794505492724e-02,6.290074802182903102e-03,1.530115991181576346e-03,2.423510856806249027e-03,3.145037401091451551e-03,4.590347973544729038e-03,7.270532570418746648e-03,1.731580699997721240e+00,0.000000000000000000e+00,1.719716800027526915e+00,3.710002056322991848e-05,1.181769999675452709e-02,1.239695539040094729e+01,1.404810251733771942e+00,1.552048215368148654e+01,1.300575409839655272e+01,2.802162980358166688e+00,2.345210084645622112e-02,1.332379377438523971e+00,7.155152758223891851e+00,4.617126284954544246e+00,4.126359611720475051e+00,2.386014198670593167e+00,2.618807765288559963e+00,3.068227248361981907e+00,2.159935227725285678e+00,2.522267789644210834e-01
1.180000000000000000e+02,1.034849521861118567e-02,4.825911592297102426e-03,1.019852206526835042e-03,1.625327600960709993e-03,2.412955796148551213e-03,3.059556619580505125e-03,4.875982802882129763e-03,1.915253000013763085e+00,0.000000000000000000e+00,1.899033099994994700e+00,4.499999340623617172e-05,1.616090000607073307e-02,1.051779984693224712e+01,1.617683794951525478e+00,1.481719388336404108e+01,1.718341517900394422e+01,1.573715885296490757e+00,2.519787321741380204e+00,2.975226130207591635e-01,8.706684712222187983e+00,3.815244760764668008e+00,2.077187347762481373e+00,3.040643747724572687e+00,2.083927603152474717e+00,2.016992661687212696e+00,4.467630828934055387e+00,2.985332742164865105e-01
1.190000000000000000e+02,1.191982334495272217e-02,6.452296667186770834e-03,1.153854704813886021e-03,1.744036965639226156e-03,3.226148333593385417e-03,3.461564114441657847e-03,5.232110896917678902e-03,1.895134699996560812e+00,0.000000000000000000e+00,1.878557100018952042e+00,2.450001193210482597e-05,1.654320000670850277e-02,8.901920311957292498e+00,2.555032410257223496e+00,1.821397133365578469e+01,1.590399074519510769e+01,1.196430807489972548e+00,2.150102494872006553e-01,4.258983311207147793e+00,1.874043571078149029e+01,1.757871435923597625e+00,4.804953240871969733e+00,2.968605237503154193e+00,2.030323736203466733e+00,2.047927986035336101e+00,2.428988068297746494e+00,2.978421621837181177e-01
1.200000000000000000e+02,9.894308849012102905e-03,4.263838168186935562e-03,8.676113207941848473e-04,1.719851934178693708e-03,2.131919084093467781e-03,2.602833962382554434e-03,5.159555802536080690e-03,1.986635100009152666e+00,0.000000000000000000e+00,1.973993999999947846e+00,2.790000871755182743e-05,1.260029998957179487e-02,1.122381042527089612e+01,2.108074878112194295e+00,1.841704486008370623e+01,1.706527591794921861e+01,1.361374953196598625e+00,2.715073386172480063e+00,1.194433699959825956e+00,4.695921100744714138e+00,4.833347140488655214e+00,3.566705125053361680e+00,3.300738885772345643e+00,4.480310389624393430e+00,2.689845241733281433e+00,3.932464915123112359e+00,8.814750811748905956e-02
