evaluation,objective,reflectivity_raw,reflectivity_weighted,objective_total_seconds,reflectivity_simulation_seconds,rocking_curve_simulation_seconds,scoring_seconds,stack_seconds,cap_roughness,sto_roughness_first,sto_roughness_last,lno_roughness_first,lno_roughness_last,substrate_roughness
1.000000000000000000e+00,3.533979822955057859e-02,3.533979822955057859e-02,3.533979822955057859e-02,7.435657999885734171e-01,7.301258999796118587e-01,0.000000000000000000e+00,5.190001684240996838e-05,1.337770000100135803e-02,3.000000000000000000e+00,3.000000000000000000e+00,3.000000000000000000e+00,3.000000000000000000e+00,3.000000000000000000e+00,3.000000000000000000e+00
2.000000000000000000e+00,3.677809585511138124e-02,3.677809585511138124e-02,3.677809585511138124e-02,9.244957999908365309e-01,9.053332000039517879e-01,0.000000000000000000e+00,4.569999873638153076e-05,1.910599999246187508e-02,3.429365314171946899e+00,4.578302044219044298e+00,4.678948073813674391e+00,2.537460438294733223e+00,4.275752010646073131e+00,4.006646055252625516e+00
3.000000000000000000e+00,4.365864497922258142e-02,4.365864497922258142e-02,4.365864497922258142e-02,1.254792400024598464e+00,1.233885599998757243e+00,0.000000000000000000e+00,4.270000499673187733e-05,2.085719999740831554e-02,3.429373376832202780e+00,4.382064051366151070e+00,3.164128952965548081e+00,3.021041557975929770e+00,3.985736481065663916e+00,4.622191192463413145e+00
4.000000000000000000e+00,3.592110760298482947e-02,3.592110760298482947e-02,3.592110760298482947e-02,8.133443999977316707e-01,7.888298000034410506e-01,0.000000000000000000e+00,5.180001608096063137e-05,2.445440000155940652e-02,3.880122091086535274e+00,3.414776840199247765e+00,3.491016000803886854e+00,3.338798573381005941e+00,3.591726281067309401e+00,4.972986579221868375e+00
5.000000000000000000e+00,4.341169583909972735e-02,4.341169583909972735e-02,4.341169583909972735e-02,8.386044999933801591e-01,8.252501999959349632e-01,0.000000000000000000e+00,6.769999163225293159e-05,1.327450000098906457e-02,3.457816402862483152e+00,2.540920241529364354e+00,4.168605891270168229e+00,4.817319646166072999e+00,3.615164397309103439e+00,2.880551428553571380e+00
6.000000000000000000e+00,3.295597754590944006e-02,3.295597754590944006e-02,3.295597754590944006e-02,8.397901999996975064e-01,8.274138999986462295e-01,0.000000000000000000e+00,4.610000178217887878e-05,1.232249999884516001e-02,3.497730108055011833e+00,4.069334416758172424e+00,2.866298099021913792e+00,2.158509679333472153e+00,4.363010646698860739e+00,3.103375429297720700e+00
7.000000000000000000e+00,4.534954643713801775e-02,4.534954643713801775e-02,4.534954643713801775e-02,7.821995000122115016e-01,7.667585999879520386e-01,0.000000000000000000e+00,5.060000694356858730e-05,1.538269998854957521e-02,1.787326427570505194e+00,3.785611822972938523e+00,3.629250455854733381e+00,3.354473676082865730e+00,3.534737243255395178e+00,3.672761768103004698e+00
8.000000000000000000e+00,3.307229174742164907e-02,3.307229174742164907e-02,3.307229174742164907e-02,9.391124000248964876e-01,9.018249000073410571e-01,0.000000000000000000e+00,3.429999924264848232e-05,3.724540001712739468e-02,1.473424084394535427e+00,2.334579103713467774e+00,4.509945578677551303e+00,2.815866588286974004e+00,3.854339630054953503e+00,3.358636645035498081e+00
9.000000000000000000e+00,3.061743617145589597e-02,3.061743617145589597e-02,3.061743617145589597e-02,8.318083999911323190e-01,8.171382999862544239e-01,0.000000000000000000e+00,3.329999162815511227e-05,1.462859997991472483e-02,3.746309824123254639e+00,2.900656606065164844e+00,3.871731130473152316e+00,2.266781703665851744e+00,3.612856684726599710e+00,1.266918473612629104e+00
1.000000000000000000e+01,3.695330589418982514e-02,3.695330589418982514e-02,3.695330589418982514e-02,8.331119999929796904e-01,8.173172999813687056e-01,0.000000000000000000e+00,5.689999670721590519e-05,1.573099999222904444e-02,2.119130047199651479e+00,2.333580829637164289e+00,3.629663919246050252e+00,3.876579175993488668e+00,3.490704270424393574e+00,3.857480473684046007e+00
1.100000000000000000e+01,1.192616619385131471e-01,1.192616619385131471e-01,1.192616619385131471e-01,8.497967000002972782e-01,8.365753999969456345e-01,0.000000000000000000e+00,5.030000465922057629e-05,1.316360000055283308e-02,1.825551961415608604e+00,4.978371603622909092e+00,2.533158950808011234e+00,4.987578851826316217e+00,3.600861778159855309e+00,1.363390968937636671e+00
1.200000000000000000e+01,3.817455870987658539e-02,3.817455870987658539e-02,3.817455870987658539e-02,8.009384000033605844e-01,7.848776000028010458e-01,0.000000000000000000e+00,5.679999594576656818e-05,1.599350001197308302e-02,2.102018686316526441e+00,2.557862144106071600e+00,3.350928129374671549e+00,3.272167380412019710e+00,2.008731958067120349e+00,3.015427663643364564e+00
1.300000000000000000e+01,7.052206364512958459e-02,7.052206364512958459e-02,7.052206364512958459e-02,8.109195999859366566e-01,7.953313000034540892e-01,0.000000000000000000e+00,7.939999341033399105e-05,1.549930000328458846e-02,2.849977961540948623e+00,4.377270817420001237e+00,2.037360263052280906e+00,4.243837188907900071e+00,4.971416527929455320e+00,1.758757022416973514e+00
1.400000000000000000e+01,4.132889855504938426e-02,4.132889855504938426e-02,4.132889855504938426e-02,9.635916999832261354e-01,9.375068000226747245e-01,0.000000000000000000e+00,6.150000263005495071e-05,2.601440000580623746e-02,1.538609664586661818e+00,2.543282111583379468e+00,2.089354929456826770e+00,3.196436505087279389e+00,2.500849185207042691e+00,1.159950721126771889e+00
1.500000000000000000e+01,3.475194272145606944e-02,3.475194272145606944e-02,3.475194272145606944e-02,8.350696999987121671e-01,8.154793000139761716e-01,0.000000000000000000e+00,5.040000542066991329e-05,1.952499998151324689e-02,4.856443600771505942e+00,3.075131944394143169e+00,2.081261264977738001e+00,3.636519502005533866e+00,4.331558795882039625e+00,3.263829892922463394e+00
1.600000000000000000e+01,9.920276353567678007e-02,9.920276353567678007e-02,9.920276353567678007e-02,7.970532000181265175e-01,7.741624000191222876e-01,0.000000000000000000e+00,4.380001337267458439e-05,2.283600001828745008e-02,2.796791588536795103e+00,4.946672061915354135e+00,3.577601365899908625e+00,4.657068043215270237e+00,3.895810927667306522e+00,1.445786888735250297e+00
1.700000000000000000e+01,3.930530841208097065e-02,3.930530841208097065e-02,3.930530841208097065e-02,1.033867299993289635e+00,1.020316300011472777e+00,0.000000000000000000e+00,4.369998350739479065e-05,1.350020000245422125e-02,2.745002528113309914e+00,2.652363615691026411e+00,3.265056373661463063e+00,3.892058647419409212e+00,3.135480646661612969e+00,1.085613312777878203e+00
1.800000000000000000e+01,5.274895786217730781e-02,5.274895786217730781e-02,5.274895786217730781e-02,7.945545999973546714e-01,7.768357000022660941e-01,0.000000000000000000e+00,1.278999843634665012e-04,1.758189999964088202e-02,4.914903738182327508e+00,4.275306880104479568e+00,2.093557541372863096e+00,3.776776761488426892e+00,3.749414346287356814e+00,4.321818211010740818e+00
1.900000000000000000e+01,5.010599278219569214e-02,5.010599278219569214e-02,5.010599278219569214e-02,7.965839999960735440e-01,7.798645999864675105e-01,0.000000000000000000e+00,5.090000922791659832e-05,1.665350000257603824e-02,3.948942906666590869e+00,4.729738425739229868e+00,4.355849114601593186e+00,3.189574599763147056e+00,2.994964074049025093e+00,2.741687929737512519e+00
2.000000000000000000e+01,5.555332734529324495e-02,5.555332734529324495e-02,5.555332734529324495e-02,9.605241999961435795e-01,9.330632999772205949e-01,0.000000000000000000e+00,3.860000288113951683e-05,2.741390001028776169e-02,2.039346518146958331e+00,4.744357535604068588e+00,2.629346844108686909e+00,2.937858949398861164e+00,2.628233214277191365e+00,3.167649366839515146e+00
2.100000000000000000e+01,4.005280600597623669e-02,4.005280600597623669e-02,4.005280600597623669e-02,8.060559000005014241e-01,7.882727999822236598e-01,0.000000000000000000e+00,5.050000618211925030e-05,1.772479998180642724e-02,2.434449792916230315e+00,4.693173354589921686e+00,3.863915205050737711e+00,2.173912236688712696e+00,3.394294259533608304e+00,1.712464410419749505e+00
2.200000000000000000e+01,2.520584101476577160e-02,2.520584101476577160e-02,2.520584101476577160e-02,9.748610999959055334e-01,9.541873999987728894e-01,0.000000000000000000e+00,1.027999969664961100e-04,2.054930001031607389e-02,5.000000000000000000e+00,2.000000000000000000e+00,5.000000000000000000e+00,3.515115291417045817e+00,5.000000000000000000e+00,5.000000000000000000e+00
2.300000000000000000e+01,3.292582028191910759e-02,3.292582028191910759e-02,3.292582028191910759e-02,1.281923300004564226e+00,1.234429699979955330e+00,0.000000000000000000e+00,6.540000322274863720e-05,4.741749999811872840e-02,4.870353136946843797e+00,2.111852306875998231e+00,4.392507979025389808e+00,2.009337272904136551e+00,3.967018441951580598e+00,4.415811798791169807e+00
2.400000000000000000e+01,3.837413363000603816e-02,3.837413363000603816e-02,3.837413363000603816e-02,1.361646500008646399e+00,1.333370999986073002e+00,0.000000000000000000e+00,8.259998867288231850e-05,2.817959999083541334e-02,4.824037442719022017e+00,2.005765869394462442e+00,2.192097901408318616e+00,4.897469946083322867e+00,3.753595881922563215e+00,4.525862369986299427e+00
2.500000000000000000e+01,3.201751462748674004e-02,3.201751462748674004e-02,3.201751462748674004e-02,1.215125999995507300e+00,1.176423800003249198e+00,0.000000000000000000e+00,1.362999901175498962e-04,3.855200001271441579e-02,4.797811081928527344e+00,4.873864553799799104e+00,3.932472907420906161e+00,2.019285169812949920e+00,4.838494240204123997e+00,3.975303722429091469e+00
2.600000000000000000e+01,3.366909500964071489e-02,3.366909500964071489e-02,3.366909500964071489e-02,9.379027999821119010e-01,9.022488999762572348e-01,0.000000000000000000e+00,4.860002081841230392e-05,3.559220000170171261e-02,1.267795806179461415e+00,3.124189904770899862e+00,3.144977056616991895e+00,2.000087781527243092e+00,4.740891699593636766e+00,4.311781351949763419e+00
2.700000000000000000e+01,2.990128045351094985e-02,2.990128045351094985e-02,2.990128045351094985e-02,1.231544000009307638e+00,1.199346099980175495e+00,0.000000000000000000e+00,5.900001269765198231e-05,3.210900002159178257e-02,4.465357904593822980e+00,3.963361772083378920e+00,4.974202605676148359e+00,2.010701823072150951e+00,2.725150929668847866e+00,4.809518569657916132e+00
2.800000000000000000e+01,4.536793347226704409e-02,4.536793347226704409e-02,4.536793347226704409e-02,8.870073000143747777e-01,8.681528999877627939e-01,0.000000000000000000e+00,1.254999951925128698e-04,1.871820000815205276e-02,1.795472825118613835e+00,2.003905768198121606e+00,4.504717699238771189e+00,4.948011665110916724e+00,3.206357577604493247e+00,1.933791619469276801e+00
2.900000000000000000e+01,2.700281663412235772e-02,2.700281663412235772e-02,2.700281663412235772e-02,8.480807000014465302e-01,8.300554000015836209e-01,0.000000000000000000e+00,3.960001049563288689e-05,1.797800001804716885e-02,4.740511012999071738e+00,2.750259121302139675e+00,4.677724011925454839e+00,2.226304910308995133e+00,4.933498192444209174e+00,4.353828090096951264e+00
3.000000000000000000e+01,2.888628885323729981e-02,2.888628885323729981e-02,2.888628885323729981e-02,1.079133699997328222e+00,1.060709099983796477e+00,0.000000000000000000e+00,5.279999459162354469e-05,1.836359998560510576e-02,4.820702203463286928e+00,2.010827741909751776e+00,3.871535262700331437e+00,4.185014226262646631e+00,4.834439871418920731e+00,1.202718669883091174e+00
3.100000000000000000e+01,2.702220375995483329e-02,2.702220375995483329e-02,2.702220375995483329e-02,1.068885700020473450e+00,1.050411700009135529e+00,0.000000000000000000e+00,3.789999755099415779e-05,1.842750000650994480e-02,4.848527437612675683e+00,3.811750611174745451e+00,4.928533822541942833e+00,2.455480819810894833e+00,4.868501181287145485e+00,1.179859419958973810e+00
3.200000000000000000e+01,3.747748030337984260e-02,3.747748030337984260e-02,3.747748030337984260e-02,9.927885000070091337e-01,9.644801999966148287e-01,0.000000000000000000e+00,4.889999399892985821e-05,2.824439998948946595e-02,1.072291294842781628e+00,2.023821677794591434e+00,4.758842028246895950e+00,2.017085790401059509e+00,3.353199156771451861e+00,2.571817691513677673e+00
3.300000000000000000e+01,3.171196614559630700e-02,3.171196614559630700e-02,3.171196614559630700e-02,9.250944000086747110e-01,9.092347000259906054e-01,0.000000000000000000e+00,8.910000906325876713e-05,1.576149999164044857e-02,4.903594262284999949e+00,2.067409370360574261e+00,4.832593502489070048e+00,4.006642048941135847e+00,2.011093395091859026e+00,2.297521018804323134e+00
3.400000000000000000e+01,3.260011319296426263e-02,3.260011319296426263e-02,3.260011319296426263e-02,8.901082999946083874e-01,8.699872000142931938e-01,0.000000000000000000e+00,5.749997217208147049e-05,2.005409999401308596e-02,4.561570498931716955e+00,2.019072727561154856e+00,2.093388353980370820e+00,3.084625660098580635e+00,3.819246195177387726e+00,3.762511220010964497e+00
3.500000000000000000e+01,2.825953151016932438e-02,2.825953151016932438e-02,2.825953151016932438e-02,1.353150900016771629e+00,1.314977100002579391e+00,0.000000000000000000e+00,8.460000390186905861e-05,3.807419998338446021e-02,4.703617332840456911e+00,2.090434565001499045e+00,4.303174868528661712e+00,2.997312896912840863e+00,4.416244352285534802e+00,1.209039902156214374e+00
3.600000000000000000e+01,4.558810413214193363e-02,4.558810413214193363e-02,4.558810413214193363e-02,1.057983500009868294e+00,1.023679300007643178e+00,0.000000000000000000e+00,4.579999949783086777e-05,3.424320000340230763e-02,1.017142312942509452e+00,4.970093803518063957e+00,3.851691643406995880e+00,2.080800857683440697e+00,3.368617882086199611e+00,4.747381212165000974e+00
3.700000000000000000e+01,3.384500317730155389e-02,3.384500317730155389e-02,3.384500317730155389e-02,1.327730699995299801e+00,1.301241599983768538e+00,0.000000000000000000e+00,6.170000415295362473e-05,2.641999998013488948e-02,4.955737945148955603e+00,2.311101804783992630e+00,4.788567885915782085e+00,4.915511721328359229e+00,4.984803965530286263e+00,2.335562242818204126e+00
3.800000000000000000e+01,3.480252233871151263e-02,3.480252233871151263e-02,3.480252233871151263e-02,9.912027000100351870e-01,9.654069999814964831e-01,0.000000000000000000e+00,5.010000313632190228e-05,2.573429999756626785e-02,4.968859457267811308e+00,3.457114881708925225e+00,2.485612753814153475e+00,2.258472876287516140e+00,2.080436688068925566e+00,4.031357427207566957e+00
3.900000000000000000e+01,3.423708670897671058e-02,3.423708670897671058e-02,3.423708670897671058e-02,1.133358299994142726e+00,1.094325000012759119e+00,0.000000000000000000e+00,3.929997910745441914e-05,3.898360001039691269e-02,1.061041025169963792e+00,3.581056527684888913e+00,4.222024118321504815e+00,2.067825613943186092e+00,4.557595005421715584e+00,1.170831278161060141e+00
4.000000000000000000e+01,6.524810743392009393e-02,6.524810743392009393e-02,6.524810743392009393e-02,7.662153000128455460e-01,7.471313999849371612e-01,0.000000000000000000e+00,3.510000533424317837e-05,1.904109999304637313e-02,4.830118563950410504e+00,3.821346104546346822e+00,4.571663640137693108e+00,4.982422364238288992e+00,3.575970520879920400e+00,1.141653084434250509e+00
4.100000000000000000e+01,3.356854017656410449e-02,3.356854017656410449e-02,3.356854017656410449e-02,8.183290000015404075e-01,8.052525999955832958e-01,0.000000000000000000e+00,4.990000161342322826e-05,1.301899997633881867e-02,4.938457888681489827e+00,2.325106903088417276e+00,2.237294543584467998e+00,2.023398439566779228e+00,4.999165885930512587e+00,2.086880982199223133e+00
4.200000000000000000e+01,5.677369238071699326e-02,5.677369238071699326e-02,5.677369238071699326e-02,8.423326000047381967e-01,8.295964999997522682e-01,0.000000000000000000e+00,7.939999341033399105e-05,1.264520001132041216e-02,1.760206796426842191e+00,4.744188917411984008e+00,4.253821203740727697e+00,3.264246112145424483e+00,3.795417887034103543e+00,2.437565784832593785e+00
4.300000000000000000e+01,5.312061600475775913e-02,5.312061600475775913e-02,5.312061600475775913e-02,7.866279000008944422e-01,7.617562999948859215e-01,0.000000000000000000e+00,3.219998325221240520e-05,2.482900000177323818e-02,1.061186534036308249e+00,2.825740661114482855e+00,4.643184936814289898e+00,4.830294344294053133e+00,4.995305794447928882e+00,4.904072835547607312e+00
4.400000000000000000e+01,3.615287369733372752e-02,3.615287369733372752e-02,3.615287369733372752e-02,1.041483299981337041e+00,1.021563299989793450e+00,0.000000000000000000e+00,8.359999628737568855e-05,1.981920000980608165e-02,1.184819798910848654e+00,2.327558275277381572e+00,4.529842393688594981e+00,2.144279280032250323e+00,3.129980731114135661e+00,2.777067432296172811e+00
4.500000000000000000e+01,4.660460857861251083e-02,4.660460857861251083e-02,4.660460857861251083e-02,9.977538000093773007e-01,9.665857999934814870e-01,0.000000000000000000e+00,4.919999628327786922e-05,3.110919997561722994e-02,1.016273107589895197e+00,4.678856365859054733e+00,4.355923311011552279e+00,2.433446308013284654e+00,3.043025352513061499e+00,2.885134548078214234e+00
4.600000000000000000e+01,4.822040338754293026e-02,4.822040338754293026e-02,4.822040338754293026e-02,9.185022999881766737e-01,8.965138999919872731e-01,0.000000000000000000e+00,4.250000347383320332e-05,2.193310001166537404e-02,3.227268943186712757e+00,4.525563906784846324e+00,3.346176441296559112e+00,2.935232559222377358e+00,2.329545754569702254e+00,4.591965337373329348e+00
4.700000000000000000e+01,4.578026960267418677e-02,4.578026960267418677e-02,4.578026960267418677e-02,8.694004999997559935e-01,8.540106000145897269e-01,0.000000000000000000e+00,4.399998579174280167e-05,1.533789999666623771e-02,1.630732566447350873e+00,3.979999299515809774e+00,3.266219510226652467e+00,3.054777968809226252e+00,3.052167876260402757e+00,4.939708416956502646e+00
4.800000000000000000e+01,4.462907873521215762e-02,4.462907873521215762e-02,4.462907873521215762e-02,8.141502999933436513e-01,8.001708000083453953e-01,0.000000000000000000e+00,5.209998926147818565e-05,1.391870001680217683e-02,2.874380559531326984e+00,3.182556690147597678e+00,3.702517573925218741e+00,3.941648044805333928e+00,2.522689273103729146e+00,4.323796980845168392e+00
4.900000000000000000e+01,7.919925019146414891e-02,7.919925019146414891e-02,7.919925019146414891e-02,1.382608199986862019e+00,1.339589300012448803e+00,0.000000000000000000e+00,2.138000272680073977e-04,4.273750001448206604e-02,3.858443675240553983e+00,4.590492261303880994e+00,4.921702401407674898e+00,4.581445483048963929e+00,3.681270416188511252e+00,4.927188287512258569e+00
5.000000000000000000e+01,2.669437048410839078e-02,2.669437048410839078e-02,2.669437048410839078e-02,1.225294900010339916e+00,1.208276299992576241e+00,0.000000000000000000e+00,2.910001785494387150e-05,1.698120002401992679e-02,4.964831678768449663e+00,3.468390280803244075e+00,4.904052530092204876e+00,2.025502517049621254e+00,4.360181389978967204e+00,1.212633809483373071e+00
5.100000000000000000e+01,4.129248201590881434e-02,4.129248201590881434e-02,4.129248201590881434e-02,1.190631500008748844e+00,1.167653899989090860e+00,0.000000000000000000e+00,9.560000034980475903e-05,2.286510000703856349e-02,1.555030714701784778e+00,4.667779870089404426e+00,4.350082394494106275e+00,2.164211068040780450e+00,3.442054762001939938e+00,1.088408595169617854e+00
5.200000000000000000e+01,3.212795728014917335e-02,3.212795728014917335e-02,3.212795728014917335e-02,1.264378600026248023e+00,1.248962000012397766e+00,0.000000000000000000e+00,3.370002377778291702e-05,1.537390000885352492e-02,1.934608496654892429e+00,3.244806457119354448e+00,4.723081193966157443e+00,2.261270494337263681e+00,3.250917326458364620e+00,4.620592667666499231e+00
5.300000000000000000e+01,4.084835774494918054e-02,4.084835774494918054e-02,4.084835774494918054e-02,1.051979399984702468e+00,1.024405600008321926e+00,0.000000000000000000e+00,5.370000144466757774e-05,2.750770002603530884e-02,2.034355915471985021e+00,4.274334677816202799e+00,3.284598270453061630e+00,2.753593774449976994e+00,4.900551749589736161e+00,1.398176588455708025e+00
5.400000000000000000e+01,4.328357162467031533e-02,4.328357162467031533e-02,4.328357162467031533e-02,8.370753000199329108e-01,8.140090999950189143e-01,0.000000000000000000e+00,7.909999112598598003e-05,2.297769999131560326e-02,2.053114831305602905e+00,2.472688710026595960e+00,3.491638753262904071e+00,4.363865487246785690e+00,3.561044939953647237e+00,1.008572931586414700e+00
5.500000000000000000e+01,2.956994591335377828e-02,2.956994591335377828e-02,2.956994591335377828e-02,8.338724000204820186e-01,8.140654000162612647e-01,0.000000000000000000e+00,3.789999755099415779e-05,1.975979999406263232e-02,4.199549322449994904e+00,2.972769997707468193e+00,4.477603220638303405e+00,3.137772317651564613e+00,3.882672986178108410e+00,1.791001196998388556e+00
5.600000000000000000e+01,3.014251419140329818e-02,3.014251419140329818e-02,3.014251419140329818e-02,8.956429999961983413e-01,8.743836999929044396e-01,0.000000000000000000e+00,5.630002124235033989e-05,2.119239998864941299e-02,4.684918565479694763e+00,2.966516050382322689e+00,3.548986182738453454e+00,2.826247902394977807e+00,3.557765553249666368e+00,3.724366975377338296e+00
5.700000000000000000e+01,4.295407888781452993e-02,4.295407888781452993e-02,4.295407888781452993e-02,1.157207100011873990e+00,1.135222600016277283e+00,0.000000000000000000e+00,9.669997962191700935e-05,2.186540002003312111e-02,1.609246522526079470e+00,4.429136569015906133e+00,2.860649123400253124e+00,2.015111183145394502e+00,2.136873859161091627e+00,3.949164612982855704e+00
5.800000000000000000e+01,4.401445628523070058e-02,4.401445628523070058e-02,4.401445628523070058e-02,1.025298099993960932e+00,9.995658999832812697e-01,0.000000000000000000e+00,4.189999890513718128e-05,2.568049999536015093e-02,1.606998172237031230e+00,2.436139860263844881e+00,4.050249047918997647e+00,4.569622871994664770e+00,4.501123795618701351e+00,1.633436980950503603e+00
5.900000000000000000e+01,3.750131898887001936e-02,3.750131898887001936e-02,3.750131898887001936e-02,1.110456900001736358e+00,1.090398900007130578e+00,0.000000000000000000e+00,4.839999019168317318e-05,2.000150000094436109e-02,3.236959278651725835e+00,3.551919105526030851e+00,3.249496568113335204e+00,3.324493465351618937e+00,4.481086939863551777e+00,1.606711798356045051e+00
6.000000000000000000e+01,3.479424113403425251e-02,3.479424113403425251e-02,3.479424113403425251e-02,9.003741999913472682e-01,8.762027999910060316e-01,0.000000000000000000e+00,6.610000855289399624e-05,2.405189999262802303e-02,3.867942636270292223e+00,3.069356265661834726e+00,3.622936833128796330e+00,3.653070552200460508e+00,4.059790705379485054e+00,3.477480430010608803e+00
6.100000000000000000e+01,6.186716044554910199e-02,6.186716044554910199e-02,6.186716044554910199e-02,7.991608999727759510e-01,7.825613000022713095e-01,0.000000000000000000e+00,4.990000161342322826e-05,1.654040001449175179e-02,3.512273454127352590e+00,4.703092737336526774e+00,4.355720589380274177e+00,3.759537190479515623e+00,3.580343404636301408e+00,3.717118470795488072e+00
6.200000000000000000e+01,7.308587937876322160e-02,7.308587937876322160e-02,7.308587937876322160e-02,1.067834799992851913e+00,1.050257599999895319e+00,0.000000000000000000e+00,3.789999755099415779e-05,1.753099999041296542e-02,2.568504486244097329e+00,4.665871707630685705e+00,2.751348801512086162e+00,3.838235329834721377e+00,2.288017431430883875e+00,1.119724292568746726e+00
6.300000000000000000e+01,3.655435229949885456e-02,3.655435229949885456e-02,3.655435229949885456e-02,8.576166999991983175e-01,8.361066000070422888e-01,0.000000000000000000e+00,4.499999340623617172e-05,2.144199999747797847e-02,2.794645492873288006e+00,3.249551138484374491e+00,3.791139955024162234e+00,3.294696410044765322e+00,3.438148070366896292e+00,3.203099530619972324e+00
6.400000000000000000e+01,3.464709584530717423e-02,3.464709584530717423e-02,3.464709584530717423e-02,8.562021999969147146e-01,8.379868000047281384e-01,0.000000000000000000e+00,3.480000304989516735e-05,1.817130000563338399e-02,2.918991920073346069e+00,2.844146472638922951e+00,3.014253469635613580e+00,2.271943015431422186e+00,2.719024877584680588e+00,2.178787425285948487e+00
6.500000000000000000e+01,3.749474851879526505e-02,3.749474851879526505e-02,3.749474851879526505e-02,9.903301000013016164e-01,9.658320000162348151e-01,0.000000000000000000e+00,1.335000270046293736e-04,2.435429999604821205e-02,4.118906762429570101e+00,3.314973838134851025e+00,4.525628140147507139e+00,3.557627242417663815e+00,2.192363662051806106e+00,4.502643990073169178e+00
6.600000000000000000e+01,6.058871091955059240e-02,6.058871091955059240e-02,6.058871091955059240e-02,1.027035300008719787e+00,9.964280999847687781e-01,0.000000000000000000e+00,4.730001091957092285e-05,3.054659999907016754e-02,1.173895360226468565e+00,4.183047344913072507e+00,4.728839708344308335e+00,3.755690367719722644e+00,2.771416401099319415e+00,3.599243665563238714e+00
6.700000000000000000e+01,3.229275860491296474e-02,3.229275860491296474e-02,3.229275860491296474e-02,9.417176000133622438e-01,9.259997000044677407e-01,0.000000000000000000e+00,4.049998824484646320e-05,1.566979999188333750e-02,3.029597636601127242e+00,2.823146838519321022e+00,3.148795775976472200e+00,2.913226662358474162e+00,3.964139040797852953e+00,2.104931021401158731e+00
6.800000000000000000e+01,3.312007521494544915e-02,3.312007521494544915e-02,3.312007521494544915e-02,7.982962999958544970e-01,7.859229999885428697e-01,0.000000000000000000e+00,8.160001016221940517e-05,1.228130000527016819e-02,2.227657070646492876e+00,2.179061765890253799e+00,2.898696047021897648e+00,2.448015004459918043e+00,4.664219485938806642e+00,2.720322070455048369e+00
6.900000000000000000e+01,3.293946304488190591e-02,3.293946304488190591e-02,3.293946304488190591e-02,8.494464999821502715e-01,8.212587000161875039e-01,0.000000000000000000e+00,4.160002572461962700e-05,2.813360001891851425e-02,2.165627360714565519e+00,2.813832447693024541e+00,4.444426482838377268e+00,2.528966864303476836e+00,2.791563933751577409e+00,3.877309109953412936e+00
7.000000000000000000e+01,4.652495830756921136e-02,4.652495830756921136e-02,4.652495830756921136e-02,1.028310300025623292e+00,9.938284000090789050e-01,0.000000000000000000e+00,3.730002208612859249e-05,3.443429997423663735e-02,2.849329721329731058e+00,4.166553407225908501e+00,4.804211045324883855e+00,3.531201602432096021e+00,4.473142656413392260e+00,4.015919247391728675e+00
7.100000000000000000e+01,3.451210112733034407e-02,3.451210112733034407e-02,3.451210112733034407e-02,8.319245000020600855e-01,8.135604999843053520e-01,0.000000000000000000e+00,4.549999721348285675e-05,1.831059998949058354e-02,2.033117242396855318e+00,3.431276673520502474e+00,4.253132028769414319e+00,2.683038979078312902e+00,3.596738684351603599e+00,1.655037584191006328e+00
7.200000000000000000e+01,3.165033650284861111e-02,3.165033650284861111e-02,3.165033650284861111e-02,9.079652999935206026e-01,8.716095999989192933e-01,0.000000000000000000e+00,5.010000313632190228e-05,3.629280001041479409e-02,4.694730818807691719e+00,4.725451293931471675e+00,3.857366584622881067e+00,2.037347342881355328e+00,4.684522619159160683e+00,4.387455867172917579e+00
7.300000000000000000e+01,3.380188846485644716e-02,3.380188846485644716e-02,3.380188846485644716e-02,9.388017999881412834e-01,9.231992999848444015e-01,0.000000000000000000e+00,4.499999340623617172e-05,1.554860000032931566e-02,1.539383790849963241e+00,2.773493081257790926e+00,4.718198816139693719e+00,2.446168573082652120e+00,2.972792214360220342e+00,3.304645593165914441e+00
7.400000000000000000e+01,3.736033368999913673e-02,3.736033368999913673e-02,3.736033368999913673e-02,9.296881000045686960e-01,9.087599999911617488e-01,0.000000000000000000e+00,3.520000609569251537e-05,2.087560002109967172e-02,2.974303883836615370e+00,4.723144805598912477e+00,4.479291760088893959e+00,2.370739436776613474e+00,4.522146481123908934e+00,4.010539459794977724e+00
7.500000000000000000e+01,3.270786468203978892e-02,3.270786468203978892e-02,3.270786468203978892e-02,9.091434000001754612e-01,8.734164999914355576e-01,0.000000000000000000e+00,4.010001430287957191e-05,3.567490002023987472e-02,3.647253964204837828e+00,2.065140225819213970e+00,3.743970929931125458e+00,2.058727820702359157e+00,4.482111193757086554e+00,3.656882727257988464e+00
7.600000000000000000e+01,3.017080787449310728e-02,3.017080787449310728e-02,3.017080787449310728e-02,1.245085500006098300e+00,1.207448800007114187e+00,0.000000000000000000e+00,8.240001625381410122e-05,3.754029999254271388e-02,3.089331120975093548e+00,2.830385576073393583e+00,4.989709499578894203e+00,2.775592651560396362e+00,3.077934602600576497e+00,4.706370162712632421e+00
7.700000000000000000e+01,4.616723766137991597e-02,4.616723766137991597e-02,4.616723766137991597e-02,1.262387400027364492e+00,1.231366699998034164e+00,0.000000000000000000e+00,8.280001929961144924e-05,3.092439999454654753e-02,3.492715719422347931e+00,4.797156507064416431e+00,2.095346587199680588e+00,2.511239479459290713e+00,3.245646270811284761e+00,1.634369083125721378e+00
7.800000000000000000e+01,6.518143643610048443e-02,6.518143643610048443e-02,6.518143643610048443e-02,1.270359999994980171e+00,1.233746200014138594e+00,0.000000000000000000e+00,1.023999939206987619e-04,3.649629998835735023e-02,4.191937647721887039e+00,3.820915867279562228e+00,3.080236189337348662e+00,4.845625627367319055e+00,4.745679415213983177e+00,1.812476490299025800e+00
7.900000000000000000e+01,3.950033586379140399e-02,3.950033586379140399e-02,3.950033586379140399e-02,8.755040999967604876e-01,8.380887999956030399e-01,0.000000000000000000e+00,4.770001396536827087e-05,3.735930001130327582e-02,1.896384605729809492e+00,2.054297027093534123e+00,3.729284123798048078e+00,4.287592782436703942e+00,3.413131499721541839e+00,2.578045013243948080e+00
8.000000000000000000e+01,4.135616248717054189e-02,4.135616248717054189e-02,4.135616248717054189e-02,8.807116000098176301e-01,8.627964000042993575e-01,0.000000000000000000e+00,1.211999915540218353e-04,1.778350002132356167e-02,1.461566595967709770e+00,3.653858612473217082e+00,3.825103403759662513e+00,2.994634744631327727e+00,3.156233542225949762e+00,3.510584592330680653e+00
