evaluation,objective,C 1s_raw,La 4d_raw,Ni 3p_raw,reflectivity_raw,C 1s_weighted,La 4d_weighted,Ni 3p_weighted,reflectivity_weighted,objective_total_seconds,reflectivity_simulation_seconds,rocking_curve_simulation_seconds,scoring_seconds,stack_seconds,carbon_thickness,carbon_roughness_fraction,top_lno_total_thickness,top_lno_layer1_thickness,cap_roughness_fraction,sto_thickness_start,lno_thickness_start,sto_thickness_delta,lno_thickness_delta,thickness_transition_repeat,thickness_transition_width,sto_roughness_first,sto_roughness_last,lno_roughness_first,lno_roughness_last,substrate_roughness,reflectivity_angle_offset,rc_angle_offset
1.000000000000000000e+00,5.542643549591771968e-02,1.071510549076261538e-02,1.776724603769431077e-03,2.622030687384627103e-03,3.687261687707423796e-01,5.357552745381307692e-03,5.330173811308293666e-03,7.866092062153880876e-03,3.687261687707423657e-02,1.217747000628151000e-01,2.628879999974742532e-02,5.450860003475099802e-02,4.872999852523207664e-04,4.045600001700222492e-02,2.000000000000000000e+00,1.428571428571428492e-01,5.000000000000000000e+01,5.000000000000000000e+00,4.249999999999999889e-01,1.492999999999999972e+01,1.578999999999999915e+01,2.990000000000000213e+00,1.989999999999999991e+00,1.899999999999999911e+00,1.898000000000000043e+01,3.080000000000000071e+00,2.779999999999999805e+00,3.660000000000000142e+00,3.319999999999999840e+00,3.250000000000000000e+00,1.529999999999999971e-01,2.900000000000000147e-02
2.000000000000000000e+00,2.392848945511730913e-02,4.881794037246572210e-03,9.665358157502700965e-04,1.445929414793137432e-03,1.425019674486380228e-01,2.440897018623286105e-03,2.899607447250810398e-03,4.337788244379412080e-03,1.425019674486380228e-02,1.151418000226840377e-01,2.540350001072511077e-02,5.186700000194832683e-02,8.230004459619522095e-05,3.777389996685087681e-02,1.119848204645484735e+01,3.139208476991696695e-01,6.200186238820511164e+01,1.482378216947012284e+01,6.089615362342132299e-01,1.438974121065014344e+01,1.818134610352833391e+01,1.417656605363297295e+00,5.520420608448945998e-01,1.986176177933577947e+01,1.564146126540591197e+01,4.312760904656794736e+00,2.360202500852045748e+00,4.689632640659270990e+00,3.879977822414300004e+00,3.293439976474846542e+00,2.763326881340453789e-01,-4.251330426062921441e-02
3.000000000000000000e+00,3.532423371482382862e-02,3.948762724377951477e-03,1.226402190747159521e-03,1.912114741953354355e-03,2.393430155453331321e-01,1.974381362188975739e-03,3.679206572241478564e-03,5.736344225860063283e-03,2.393430155453331321e-02,1.183545000385493040e-01,2.625559997977688909e-02,5.269020004197955132e-02,1.309000072069466114e-04,3.925850003724917769e-02,7.113562498128257694e+00,9.333251891921794385e-01,4.647241976630145643e+01,1.313722188316175021e+01,7.618856992280033102e-01,1.438403000229778250e+01,1.776106824051874611e+01,1.631948703043345716e+00,1.893801577363634969e+00,2.271354263460600542e+00,1.772644218761487878e+01,4.569486782909072176e+00,2.731300380566740849e+00,4.472498044051272714e+00,4.017554522782638138e+00,2.849374815915658665e+00,-6.189738319726140192e-02,1.268298037528597932e-02
4.000000000000000000e+00,1.284312758924777420e-01,3.495989718356621711e-03,1.071506685659750612e-03,1.613630636390089943e-03,1.186278690671499048e+00,1.747994859178310855e-03,3.214520056979251836e-03,4.840891909170270263e-03,1.186278690671499075e-01,1.091552000143565238e-01,2.633789996616542339e-02,5.013930000131949782e-02,8.550001075491309166e-05,3.257839998695999384e-02,1.411359524268989496e+01,4.446605459910042413e-01,4.637558099077531182e+01,6.910401419032485393e+00,4.841895148969495022e-01,1.321591034785633845e+01,1.610766419611074696e+01,1.355965656392918328e+00,2.415811250410919153e-01,2.404449555073930433e+00,3.017221077854323141e+00,3.541511199606094173e+00,4.421949560399578871e+00,3.541476632238179878e+00,3.087962794963374780e+00,4.423787813700393201e+00,1.149455746588123883e-02,1.102345960435822114e-01
5.000000000000000000e+00,1.121746590175948244e-01,5.705894482241555266e-03,1.690227527076414290e-03,2.164729972544771931e-03,9.775683927761048553e-01,2.852947241120777633e-03,5.070682581229242654e-03,6.494189917634315794e-03,9.775683927761048830e-02,1.212275000289082527e-01,2.801810001255944371e-02,5.133400001795962453e-02,1.025000819936394691e-04,4.175719997147098184e-02,1.482521300612449444e+01,6.984452895841072317e-01,4.523576482346284422e+01,2.699219594284829782e+01,2.273902532016489064e-01,1.446094158360774529e+01,1.756392352607681318e+01,2.739442484850873605e+00,1.058825681383578798e+00,2.459292083294778308e+01,6.340867887045098072e+00,3.358217746667652381e+00,3.646829665432812284e+00,2.168848995878858599e+00,2.019621547868438949e+00,2.985132497446504996e+00,1.202599445546978507e-01,-5.195010064797869753e-02
6.000000000000000000e+00,8.940856689687924630e-02,6.303826832020801435e-03,1.750035389525140487e-03,2.231421112589176622e-03,7.431228397452589451e-01,3.151913416010400718e-03,5.250106168575421894e-03,6.694263337767529867e-03,7.431228397452589729e-02,1.145274000009521842e-01,2.891550003550946712e-02,5.226029996993020177e-02,8.180004078894853592e-05,3.325569996377453208e-02,1.199243656517734813e+01,5.415664798436817806e-01,4.817216056889969877e+01,1.445845691599508775e+01,9.085346773535586673e-02,1.615706516991744834e+01,1.525888262379428184e+01,1.728808076850010922e+00,2.927739132172088699e+00,1.924887703877787359e+01,7.447636698385797338e+00,2.086040885296197800e+00,4.991796611398190642e+00,2.889835709150331056e+00,4.011874298516993953e+00,4.625167908093692049e+00,2.119192837776682770e-01,-1.356361537543376572e-01
7.000000000000000000e+00,1.128027132961257895e-01,3.468630168020647633e-03,1.102592905857163698e-03,1.673325535858623562e-03,1.027406428869680921e+00,1.734315084010323816e-03,3.307778717571490876e-03,5.019976607575870470e-03,1.027406428869681032e-01,1.006036999751813710e-01,2.146870002616196871e-02,4.709359997650608420e-02,1.334999687969684601e-04,3.189069993095472455e-02,1.282560673040713084e+01,1.515737112827199307e-01,5.203658194570468964e+01,2.449447108321246347e+01,7.621641177326931027e-01,1.588572698564909658e+01,1.521207684339941935e+01,4.715802047293338184e-01,3.652070358754054835e-01,1.560257867953474609e+01,9.685943403659180717e+00,2.420841756719468663e+00,3.332670629347508573e+00,4.125970480132930440e+00,3.007811726519760587e+00,2.633529877782598838e+00,-5.343922733686662374e-02,-7.928022290421071760e-02
8.000000000000000000e+00,2.121811989591399217e-01,3.595925056358115039e-03,8.730971770333307907e-04,1.387448517869468339e-03,2.036015993462524598e+00,1.797962528179057520e-03,2.619291531099992264e-03,4.162345553608405233e-03,2.036015993462524654e-01,9.500149998348206282e-02,2.097939996747300029e-02,4.293689999030902982e-02,1.099000219255685806e-04,3.095629997551441193e-02,1.131423776505197942e+01,8.214029579112248902e-02,5.947155646244671345e+01,1.378720279707617280e+01,4.352757832806624094e-01,1.363868816135588524e+01,1.342212973860454994e+01,2.040123482939855570e+00,1.251806173205247008e+00,3.454182557083633043e+01,1.719924531540864265e+01,4.185017542191730833e+00,4.826433321721865788e+00,2.415947522892706534e+00,3.618245023798164262e+00,2.251858834613456928e+00,3.482378446131739747e-02,1.808128033300888116e-01
9.000000000000000000e+00,1.347551837226913796e-01,3.390692834652102045e-03,9.683846249305619195e-04,1.518053148655753616e-03,1.256005239846063715e+00,1.695346417326051023e-03,2.905153874791685867e-03,4.554159445967260848e-03,1.256005239846063881e-01,1.053479999536648393e-01,2.364750002743676305e-02,4.418550000991672277e-02,1.214999356307089329e-04,3.737690002890303731e-02,9.871181908357421264e+00,1.460399638661257493e-01,4.972748376652406677e+01,8.331772187228066784e+00,8.094950467478740919e-01,1.325038438873380997e+01,1.471814345559522685e+01,7.694506412336381551e-01,1.464236588095126246e+00,1.879533391629153627e+01,1.847372241620693245e+01,3.807065246833531980e+00,2.081714414029386617e+00,2.368112320270909343e+00,3.532567358529652868e+00,4.101999883562385207e+00,-1.863075917196442832e-01,2.182908522155947995e-01
1.000000000000000000e+01,2.081342414716017553e-01,3.329486719488264097e-03,9.648667057737347983e-04,1.504291518151584621e-03,1.990620234400816591e+00,1.664743359744132048e-03,2.894600117321204612e-03,4.512874554454753863e-03,1.990620234400816702e-01,1.017178000183776021e-01,2.589499996975064278e-02,4.248569998890161514e-02,1.266000326722860336e-04,3.319099993677809834e-02,1.213919184194006640e+01,3.789925389995830729e-01,5.847600148836389167e+01,2.537722258491853111e+01,6.313442577152856838e-01,1.336132023814795922e+01,1.559257526155726836e+01,2.905636622305278305e+00,5.054563883158886828e-01,1.791909967504681589e+01,1.496133774948725303e+01,3.780184889852401753e+00,2.883572342538208932e+00,2.105507367379353845e+00,2.194946641732945292e+00,4.770232483473854757e+00,-8.012301798421272991e-02,-2.680063680671341819e-01
1.100000000000000000e+01,5.666692129139082323e-02,4.360220717955518542e-03,1.345131561802004935e-03,1.987034244742327035e-03,4.449031351278007196e-01,2.180110358977759271e-03,4.035394685406014370e-03,5.961102734226980671e-03,4.449031351278007196e-02,1.091835999977774918e-01,2.616239996859803796e-02,5.194719997234642506e-02,7.160002132877707481e-05,3.098879999015480280e-02,7.225597439982212045e+00,4.086183472252234994e-01,4.904293337302821953e+01,8.395917490101817648e+00,2.657343030383114146e-01,1.799907100028274343e+01,1.540019008631541197e+01,1.057469075656057633e+00,2.208043582464543242e+00,6.080428241025960467e+00,1.391689287984452505e+01,2.645119989222072920e+00,4.722562221555040907e+00,2.603285750328898196e+00,2.123250661573544473e+00,2.101705920903413904e+00,-1.183258180785126124e-01,-1.810231169967195242e-01
1.200000000000000000e+01,8.233112290082232609e-02,8.120149177747086264e-03,1.373515184402650116e-03,1.796612097402272177e-03,6.876066646653401504e-01,4.060074588873543132e-03,4.120545553207950566e-03,5.389836292206816315e-03,6.876066646653401782e-02,1.121568999951705337e-01,2.658940001856535673e-02,5.117569997673854232e-02,1.391000114381313324e-04,3.423680004198104143e-02,1.477712736349914202e+01,1.217061400714566644e-01,5.801414411381202285e+01,5.168889429094895682e+00,1.944654800932921757e-01,1.709858970364692254e+01,1.816486693377935779e+01,2.490536594740806908e+00,1.565833992280447839e+00,2.221492071416498248e+01,1.500179519252239757e+01,4.266535779037091025e+00,2.854418473344447982e+00,4.209426220472007429e+00,2.166877230621453876e+00,2.974151277589762277e+00,-1.598191917023645825e-01,-1.079367983196387049e-01
1.300000000000000000e+01,1.062437373429763604e-01,3.400447880738025931e-03,8.235891481888010790e-04,1.316792597477331505e-03,9.812236816560894193e-01,1.700223940369012966e-03,2.470767444566403237e-03,3.950377792431994731e-03,9.812236816560894470e-02,9.782690001884475350e-02,2.211670001270249486e-02,4.462350002722814679e-02,1.317999558523297310e-04,3.093549999175593257e-02,7.724507917752304387e+00,5.221657657487827064e-01,6.089538432143385194e+01,2.752122524029483586e+01,6.876764468628101534e-01,1.396325148576328701e+01,1.566484307419095146e+01,1.699726660542443479e+00,1.843474938991770173e+00,2.518556932919323188e+01,1.493521505337112476e+00,3.878267765568542025e+00,2.208775789659823907e+00,4.855773320220016842e+00,4.675694052699430614e+00,2.649416247259019919e+00,-2.177122094393450502e-01,2.359562657372354377e-01
1.400000000000000000e+01,8.173177641458595488e-02,5.619633181379974154e-03,1.542044883141499177e-03,2.119513554853091810e-03,6.793728450991219914e-01,2.809816590689987077e-03,4.626134649424497314e-03,6.358540664559274996e-03,6.793728450991219636e-02,1.086089999880641699e-01,2.487990004010498524e-02,4.944370000157505274e-02,1.195999793708324432e-04,3.414830000838264823e-02,7.396361352239075870e+00,5.386437007911896169e-01,5.262156419838796495e+01,2.602002486395167224e+01,2.567615218484466388e-01,1.639013214249906270e+01,1.556927793650333847e+01,1.995491187370726838e+00,8.301299043003887435e-02,1.462974649432134377e+01,1.055208153398287774e+00,3.207887843396684868e+00,4.496879809283448104e+00,2.288889826423478713e+00,3.401838028445240525e+00,3.676526772206011540e+00,-1.163914467432257405e-01,-2.412267251649195532e-01
1.500000000000000000e+01,1.018897315024012984e-01,3.985224034165416908e-03,1.124397510655756683e-03,1.690017260950341235e-03,9.145387517050028725e-01,1.992612017082708454e-03,3.373192531967270265e-03,5.070051782851023488e-03,9.145387517050029835e-02,9.869070001877844334e-02,2.560599998105317354e-02,4.278680001152679324e-02,7.900001946836709976e-05,3.020430001197382808e-02,7.032556097522163263e+00,3.707591297081750947e-01,4.968950543602377934e+01,2.500781103766617619e+01,6.537555333302429439e-01,1.646408450103778165e+01,1.418356025852143176e+01,2.099203734960090273e+00,1.652664423956097028e+00,3.645787894881381419e+01,9.406660830339411916e+00,4.146520199563781262e+00,4.447572051372173263e+00,3.715098477891755735e+00,4.205274681180261709e+00,4.140203470356633275e+00,-2.320665328599623711e-01,-1.813468634423137937e-01
1.600000000000000000e+01,9.102147016426580250e-02,3.631976064598274514e-03,7.041591311467437385e-04,9.999297061032955038e-04,8.409321562021653262e-01,1.815988032299137257e-03,2.112477393440231107e-03,2.999789118309886295e-03,8.409321562021654373e-02,1.134055999573320150e-01,2.591699996264651418e-02,5.580480000935494900e-02,8.109997725114226341e-05,3.158270003041252494e-02,1.266262496132216242e+01,2.902809828729660535e-01,5.576066194196283732e+01,5.941411330807412128e+00,4.911437248947401191e-01,1.670292366026499664e+01,1.727476437282086152e+01,1.971039771547804964e+00,2.801897930584683394e+00,1.279786265190599970e+01,1.308267423653081885e+01,2.868420835074879438e+00,2.958756040445748248e+00,3.820756239384705655e+00,4.896162107823450071e+00,1.079148577053913538e+00,1.599113113834755850e-01,-2.708814165862337142e-01
1.700000000000000000e+01,1.432545126674452940e-01,4.673746918463108843e-03,1.150566007997621881e-03,1.682905528388939538e-03,1.324172245990540508e+00,2.336873459231554422e-03,3.451698023992865426e-03,5.048716585166818614e-03,1.324172245990540564e-01,9.445229999255388975e-02,2.188850002130493522e-02,4.439429997000843287e-02,1.086000120267271996e-04,2.804380003362894058e-02,2.306358610621312089e+00,2.928628999271845612e-01,4.966153623620036939e+01,1.436131471037534979e+01,5.696800783291227077e-01,1.411506689073663701e+01,1.377067232519575590e+01,2.603504934918074998e+00,1.281532962914977869e+00,9.918072948017664814e+00,1.442901615630707512e+00,2.648331241739318109e+00,2.669283777091549403e+00,2.326769189387267289e+00,4.479234369563592999e+00,1.625679036121208565e+00,4.677046257902739423e-02,2.033046542365514742e-01
1.800000000000000000e+01,5.908800532590170740e-02,1.041752622955690460e-02,2.305150381068265218e-03,3.111555362456999100e-03,3.762912498054745702e-01,5.208763114778452302e-03,6.915451143204795655e-03,9.334666087370997734e-03,3.762912498054746258e-02,1.030594000476412475e-01,2.350910002132877707e-02,4.683419998036697507e-02,1.161000109277665615e-04,3.258349996758624911e-02,7.133370800180914628e+00,7.705808976413890399e-01,4.845095817068911970e+01,1.870006934509943974e+01,6.861778338262143340e-01,1.614290756997055354e+01,1.633883845237551213e+01,1.737197646879339974e+00,2.659190109802556989e+00,7.698723275920217546e+00,5.085077307097485289e+00,3.887833382381201019e+00,2.787811787129376384e+00,3.148908530906870062e+00,2.623623043131887655e+00,4.236970209683853739e+00,-8.886526465770361316e-02,-1.761926201021765670e-01
1.900000000000000000e+01,1.836816248457202039e-01,3.513385560653158827e-03,1.025787898653601196e-03,1.567756967977846109e-03,1.741442974654992648e+00,1.756692780326579413e-03,3.077363695960803371e-03,4.703270903933538111e-03,1.741442974654992815e-01,1.066820999840274453e-01,2.266790001885965466e-02,5.218499997863546014e-02,2.011999604292213917e-04,3.161079995334148407e-02,1.496707451949505696e+01,7.507827145946062153e-01,4.545715019487441566e+01,2.929528022077833427e+01,3.121321985567482860e-01,1.354614884443827449e+01,1.301346126584291163e+01,2.612839106219722485e+00,2.531147340939793100e+00,2.724019764255049125e+01,1.779447020218589515e+01,3.849885295260018658e+00,3.758063359768750722e+00,2.273958519339939865e+00,3.531404026286134812e+00,2.700969023063819474e+00,-8.750191652792671526e-03,1.085623655780481034e-01
2.000000000000000000e+01,8.415122094244681383e-02,4.353820559874896877e-03,9.325319022731555019e-04,1.466631113666875099e-03,7.477682161468927058e-01,2.176910279937448438e-03,2.797595706819466614e-03,4.399893341000625513e-03,7.477682161468927891e-02,1.151887000305578113e-01,2.700849995017051697e-02,4.534210002748295665e-02,1.799000310711562634e-04,4.263510002056136727e-02,8.691976552435043857e+00,6.004338741496594301e-01,5.265268427667034956e+01,1.104816848605459256e+01,1.801451571773507176e-01,1.801131276455070207e+01,1.435486788587780360e+01,6.497701831813857964e-01,6.496859666878608552e-02,2.914450594837622077e+01,6.983677499322330284e+00,2.971488360668460782e+00,2.861922980474802536e+00,4.478243355328261011e+00,2.040915847351859380e+00,4.964299107523558519e+00,8.219665885990129484e-02,1.525601581256796346e-01
2.100000000000000000e+01,1.462488061214834434e-01,3.909743770763428154e-03,8.961257761481687418e-04,1.417822971512473773e-03,1.373520879931197758e+00,1.954871885381714077e-03,2.688377328444506442e-03,4.253468914537421319e-03,1.373520879931197924e-01,1.021256999811157584e-01,2.461050002602860332e-02,4.752520000329241157e-02,8.569995407015085220e-05,2.988719998393207788e-02,1.418356287399286231e+01,3.126971354196158015e-01,5.769159700568314264e+01,2.501134565719764780e+01,6.625482216273662628e-01,1.720073576617270561e+01,1.302807573409117303e+01,2.086224868225075024e+00,2.160198335660774571e+00,3.352240471204669348e+01,4.390399308046525562e+00,4.352045946801486487e+00,3.261744817978474487e+00,3.574013267511396919e+00,2.299430160311334070e+00,4.796145807903164027e+00,2.116378687871248165e-01,1.155496764001466281e-01
2.200000000000000000e+01,1.043157182347121126e-01,4.136116342062326826e-03,1.120194368749278429e-03,1.679139400749753109e-03,9.384965875518384015e-01,2.068058171031163413e-03,3.360583106247835503e-03,5.037418202249259111e-03,9.384965875518384848e-02,9.762899996712803841e-02,2.160360000561922789e-02,4.365890001645311713e-02,1.518999924883246422e-04,3.219700005138292909e-02,2.762670981982529028e+00,4.604090761516745900e-01,5.171503700747116739e+01,2.973971838079524588e+01,6.270232012183206693e-01,1.672912308763247324e+01,1.333017848768054492e+01,2.949369760609070745e+00,1.695269517759310784e-01,2.684567784835768833e+01,1.312632860455778960e+01,2.575599906245065629e+00,4.546816795865232130e+00,3.076418688667074797e+00,4.633696321386829631e+00,4.551166521132614662e+00,-2.205495791324401933e-01,-2.661107678486934747e-01
2.300000000000000000e+01,1.094192028865196287e-01,6.155311153104781573e-03,1.876356065100784820e-03,2.430931243991960641e-03,9.341968538268899946e-01,3.077655576552390786e-03,5.629068195302354242e-03,7.292793731975881488e-03,9.341968538268900779e-02,1.085299999685958028e-01,2.468869998119771481e-02,5.001149995950981975e-02,1.252000220119953156e-04,3.368579997913911939e-02,1.354844324690600388e+01,3.484018406950836755e-01,4.792967118636901347e+01,1.895773242509937262e+01,1.534288475979992683e-01,1.663903559420210954e+01,1.519635132764438801e+01,2.515733824144340325e+00,1.492381004159008206e+00,2.050222661142791480e+01,4.341991257566722773e+00,3.895495269776917624e+00,4.101494789071163716e+00,2.105474703604056863e+00,4.451123879471730049e+00,4.799128469862314006e+00,2.045737788009004965e-01,-8.643528577459752560e-02
2.400000000000000000e+01,1.094461613341882744e-01,3.248622360964120628e-03,8.548003910423675016e-04,1.374456805743909339e-03,1.011340785633473738e+00,1.624311180482060314e-03,2.564401173127102505e-03,4.123370417231727800e-03,1.011340785633473849e-01,9.979049995308741927e-02,2.203399996506050229e-02,4.529120004735887051e-02,1.248000189661979675e-04,3.232440003193914890e-02,6.126596460254688736e+00,6.159927490595403787e-01,5.533708133423778008e+01,1.059749457508051051e+01,9.446083722847722353e-01,1.740850309184864386e+01,1.330656538626145746e+01,8.957300744056406749e-01,4.603640371880526327e-01,2.599347621048741885e+01,1.238281981750025018e+01,4.397849829881351091e+00,2.128705578566602696e+00,3.886975562210413848e+00,3.093761397872180297e+00,2.103242859379000684e+00,-2.981935151699521280e-01,1.536248175475757871e-01
2.500000000000000000e+01,1.037862781190346528e-01,7.504278131643385939e-03,1.338412893989887522e-03,1.812810607692015834e-03,9.058046854816723670e-01,3.752139065821692970e-03,4.015238681969662132e-03,5.438431823076047070e-03,9.058046854816724502e-02,1.053844999987632036e-01,2.740919997449964285e-02,4.539760004263371229e-02,1.078000059351325035e-04,3.245380002772435546e-02,5.358334768253939728e+00,5.086344830216906754e-01,6.257386892386495703e+01,2.230770277772996479e+01,3.054624872575774641e-01,1.354195330789574570e+01,1.492058357372390098e+01,2.938064683160903190e+00,2.994945461047173740e+00,4.856316148984785031e+00,1.948600918521226788e+01,4.524063930932238797e+00,3.104260591593471119e+00,3.659670580259108963e+00,2.877427716241877320e+00,4.820253630012894419e+00,-1.605465199627444939e-01,2.882446229463195286e-01
2.600000000000000000e+01,9.567957540972089892e-02,4.383686380703418796e-03,1.390340675257697957e-03,1.954943259995591681e-03,8.345188041360931397e-01,2.191843190351709398e-03,4.171022025773093653e-03,5.864829779986775043e-03,8.345188041360931952e-02,1.065809999709017575e-01,2.405030000954866409e-02,4.966900002909824252e-02,1.216999371536076069e-04,3.272310004103928804e-02,1.281816081817073893e+01,7.089166017719094048e-01,5.151351016504051472e+01,2.574419807984321196e+01,4.760145146549914497e-01,1.516045006349261470e+01,1.481366437005541670e+01,7.531300871519659434e-01,2.457100197848514966e+00,6.990200482769168389e+00,9.499699951161320044e+00,3.785762942005066911e+00,3.237009261195209042e+00,4.340148906788150462e+00,2.287144271146646979e+00,2.259623387449984477e+00,7.857044727295536823e-02,-4.556066090873550634e-02
2.700000000000000000e+01,1.000880253707951556e-01,5.394156278681481315e-03,1.177878509832406152e-03,1.768909952884382660e-03,8.855058184330404369e-01,2.697078139340740657e-03,3.533635529497218455e-03,5.306729858653148196e-03,8.855058184330405480e-02,1.117306000087410212e-01,2.756120002595707774e-02,5.034479999449104071e-02,1.385999494232237339e-04,3.366770001593977213e-02,6.168518077919663334e+00,7.383061988605076342e-01,5.091235190406893452e+01,5.394003362875706031e+00,1.972541852880185798e-01,1.584485478376065970e+01,1.642567658504011519e+01,2.718137253352138849e+00,3.499927348702144281e-01,2.537879356671857423e+01,1.380933147252914672e+01,4.046979032278279931e+00,3.282274831955725780e+00,3.227442385857635543e+00,3.312189363940448494e+00,1.945754789780349769e+00,1.189326065916438968e-01,2.182965944419416604e-01
2.800000000000000000e+01,9.746972635541029106e-02,4.738507917025632822e-03,1.163746928862153650e-03,1.681897706162344651e-03,8.656353849182397697e-01,2.369253958512816411e-03,3.491240786586460951e-03,5.045693118487033953e-03,8.656353849182397975e-02,1.192620999645441771e-01,2.905289997579529881e-02,5.475680000381544232e-02,8.410000009462237358e-05,3.535259998170658946e-02,5.939892136338822404e+00,1.491271720589877614e-01,5.921434396971736902e+01,7.930217222472619731e+00,1.091616677077940356e-01,1.325499734670640173e+01,1.598720110386308768e+01,2.761126192695263271e+00,1.295504025714388385e+00,6.615476833013898883e+00,5.460606676867128861e+00,4.725762100288850576e+00,2.696936006506382100e+00,3.752182054853409277e+00,4.099635789061574442e+00,1.996387972429188862e+00,-1.886333850599142270e-01,9.110618139220111322e-02
2.900000000000000000e+01,3.797114721257849324e-02,1.043328079676757517e-02,1.978231481466219757e-03,2.805223118365749845e-03,1.840414301469879554e-01,5.216640398383787583e-03,5.934694444398659272e-03,8.415669355097249102e-03,1.840414301469879554e-02,1.718677000026218593e-01,4.794999997830018401e-02,7.563009997829794884e-02,1.673000515438616276e-04,4.809510003542527556e-02,4.537693866404236331e+00,7.686781969220251032e-01,4.786525514953904548e+01,2.092669459068386217e+01,8.718366331821963966e-01,1.336278715743937795e+01,1.803100962272145580e+01,2.750119840795119952e+00,2.999771955943358215e+00,1.707739855074322577e+00,1.916933327395138775e+01,2.750472838084337290e+00,2.400253535833047014e+00,4.500640298917575777e+00,2.208854342002868343e+00,2.032151596238631619e+00,-2.175280508415341485e-01,-2.045173084405886854e-01
3.000000000000000000e+01,7.821770055776970654e-02,6.780515552805978924e-03,2.105657838142698836e-03,2.721603208022058736e-03,6.034565964287244011e-01,3.390257776402989462e-03,6.316973514428096508e-03,8.164809624066175775e-03,6.034565964287244566e-02,1.239522999967448413e-01,2.525430003879591823e-02,4.901810002047568560e-02,1.990999444387853146e-04,4.945180000504478812e-02,1.356176810069448813e+01,1.707492890673082686e-01,5.011968867856136001e+01,4.779884646798389092e+00,4.176055920178307623e-01,1.620139211458306860e+01,1.512446734880554011e+01,3.148403786771230006e-01,1.763615481348726810e+00,5.550487344165333958e+00,3.364242586815783476e+00,2.612102306170842603e+00,3.435933492201880490e+00,3.740421745801727926e+00,3.689679123245865444e+00,4.373664457979268505e+00,2.514765872140083958e-01,1.809452403513097107e-01
3.100000000000000000e+01,4.626503945369856569e-02,4.589585738728741565e-03,1.802118180713695216e-03,2.436119953086761901e-03,3.125553218293282143e-01,2.294792869364370783e-03,5.406354542141085864e-03,7.308359859260285703e-03,3.125553218293282420e-02,1.178613999509252608e-01,2.851919998647645116e-02,5.519059998914599419e-02,8.750002598389983177e-05,3.404850000515580177e-02,1.485922836740735775e+01,6.585528051399341942e-01,5.136099813352069532e+01,2.888996155933472476e+00,2.347758823430555197e-01,1.564963840883752688e+01,1.692029614453903363e+01,3.785733987164614511e-01,3.321005506120907613e-01,9.945166407578598822e+00,1.856903502367894987e+01,4.458041267911880823e+00,2.558379615855404410e+00,2.432476770503511521e+00,4.643593949037751578e+00,4.158566208417779464e+00,2.345410785919944119e-01,1.955182338814520637e-02
3.200000000000000000e+01,1.202633158174734179e-01,3.480227593219379235e-03,9.273101906635207621e-04,1.471041228210743894e-03,1.113281477642409367e+00,1.740113796609689617e-03,2.781930571990562286e-03,4.413123684632231682e-03,1.113281477642409367e-01,1.002754999790340662e-01,2.331349998712539673e-02,4.514100000960752368e-02,1.341000315733253956e-04,3.166599996620789170e-02,2.285471686412587466e+00,9.922443460842583773e-01,5.450760056051155544e+01,2.181475731819064023e+01,2.848095989294809338e-01,1.461700654292091706e+01,1.440082663836701649e+01,8.721488347839656541e-01,2.137817117781474874e+00,2.000954105130793081e+01,1.155306915737242690e+01,3.958197366896710090e+00,3.382497125090211831e+00,3.976556695362540417e+00,2.326064320372654759e+00,3.853314947485465769e+00,5.359903222579570636e-02,8.452246349621694854e-02
3.300000000000000000e+01,1.452821238445312912e-01,6.036487589232784196e-03,1.211674596425398260e-03,1.594951189958761662e-03,1.338440026907623981e+00,3.018243794616392098e-03,3.635023789276194996e-03,4.784853569876285420e-03,1.338440026907624092e-01,1.169443999533541501e-01,2.947680000215768814e-02,5.206419999012723565e-02,1.236000098288059235e-04,3.525900002568960190e-02,8.198516995723444722e+00,9.127660118711591331e-01,5.157458337857554653e+01,1.638808539905577177e+01,9.859150639060231258e-01,1.829558042097733406e+01,1.751473325314100293e+01,2.540735819640862925e+00,6.825602568937050307e-01,1.069660433365385366e+01,8.005921052635098789e+00,3.354044263461340769e+00,4.431588878948003796e+00,3.161364163849509801e+00,4.021831815846873326e+00,2.620023609157282607e+00,-8.900858279734771838e-02,-3.293165720347407399e-02
3.400000000000000000e+01,8.705033221458836901e-02,7.962688977557636286e-03,1.729754093177014946e-03,2.354688196885295574e-03,7.081566085562261970e-01,3.981344488778818143e-03,5.189262279531045054e-03,7.064064590655887155e-03,7.081566085562261692e-02,1.122284999582916498e-01,2.842809999128803611e-02,5.014849995495751500e-02,7.839995669201016426e-05,3.355699998792260885e-02,4.257117658750964040e+00,4.242083888884201626e-01,4.662209740283819315e+01,1.089026790278224510e+01,9.583158195181531447e-01,1.794533552419263245e+01,1.363360412741557504e+01,3.405003192057670658e-01,2.888912067557847241e+00,1.432103436683371278e+01,7.214375965406714997e+00,2.065904126243109040e+00,2.313191538917141798e+00,4.076719756883657730e+00,3.366800386893374686e+00,1.649013688473658590e+00,1.967806354921182721e-01,-9.115935535649466459e-02
3.500000000000000000e+01,1.386636298790245858e-01,7.643502164720372694e-03,1.551347691157792686e-03,2.067358923561094398e-03,1.239857589525077408e+00,3.821751082360186347e-03,4.654043073473378492e-03,6.202076770683283627e-03,1.239857589525077408e-01,1.358415000140666962e-01,2.833839994855225086e-02,5.434339999919757247e-02,1.302000018768012524e-04,5.301199998939409852e-02,1.085089571428284572e+01,7.144651863362108113e-01,5.903075238710344763e+01,1.465314644215010631e+01,7.568584934104279904e-01,1.683050634671838708e+01,1.845736196396358508e+01,2.491254159083005071e+00,1.115864771979979020e+00,2.054042295178486022e+00,1.277963786194410822e+01,2.282801415941736245e+00,4.817399793880488446e+00,4.007510389782965810e+00,2.471341507288466577e+00,2.780417802999854526e+00,-1.721536357825769192e-01,-9.852081086710429148e-03
3.600000000000000000e+01,4.177083457110152692e-02,4.683277787601774177e-03,1.038417486359080209e-03,1.553470524119340964e-03,3.165353164586537371e-01,2.341638893800887088e-03,3.115252459077240410e-03,4.660411572358022676e-03,3.165353164586537371e-02,1.136570000089704990e-01,2.726190001703798771e-02,4.993129998911172152e-02,1.230000052601099014e-04,3.632179996930062771e-02,1.340485736521800142e+01,7.723907488002232924e-01,5.921653657633136447e+01,5.201089013925345839e+00,3.475280192904893206e-01,1.465328417999736743e+01,1.803152607929741791e+01,1.070682768469781720e+00,1.837321367823790408e-01,1.957792473325963201e+01,5.023689921697309657e+00,2.052440556934209237e+00,3.943935540772140147e+00,3.359307705404670052e+00,2.789194268528438769e+00,2.397372577533396942e+00,2.637831165857353333e-01,-5.671463887960678796e-02
3.700000000000000000e+01,5.058883248409731803e-02,5.145827445335795537e-03,8.411499989849191127e-04,1.433322647938954772e-03,4.119250082065779583e-01,2.572913722667897769e-03,2.523449996954757121e-03,4.299967943816864098e-03,4.119250082065779861e-02,1.113936000037938356e-01,3.118290001293644309e-02,4.590680002002045512e-02,1.637000241316854954e-04,3.412409999873489141e-02,4.770475875026212620e+00,1.689938309295377084e-01,6.110323257567031874e+01,4.361455985703213578e+00,6.353813546051014782e-01,1.547130763987270896e+01,1.610112638128132900e+01,1.971991529170861845e+00,2.178443267529277971e+00,1.007058952095184878e+01,6.698838385667783335e+00,4.733753037556748922e+00,2.664931325777044169e+00,2.158709083776835680e+00,2.092277362123435402e+00,4.766104564638296459e+00,1.475616583390126357e-01,4.269107597952265243e-02
3.800000000000000000e+01,2.338284128902763104e-01,4.345308184875510717e-03,9.737190680849441013e-04,1.492461902062550572e-03,2.242572158873960664e+00,2.172654092437755358e-03,2.921157204254832412e-03,4.477385706187652151e-03,2.242572158873960830e-01,1.013009999878704548e-01,2.360499999485909939e-02,4.511509998701512814e-02,6.780005060136318207e-05,3.250059991842135787e-02,1.409650416063954559e+01,2.954335901123235630e-01,6.253466462586300167e+01,9.309210296056276590e+00,9.886060693007732159e-01,1.543223274642980769e+01,1.332328064939287415e+01,2.340123478404108504e+00,1.503561657857165113e+00,8.718025768740258030e+00,1.438881904960904956e+00,3.556604966358460462e+00,2.212846456384718774e+00,2.674023204078967986e+00,2.312807160175150312e+00,3.975469968273803278e+00,-2.391423625627159544e-01,2.466473742200591679e-01
3.900000000000000000e+01,3.989392137724316612e-02,2.846657397983169691e-03,3.468186868341443401e-04,5.526910675301806774e-04,3.577206341515860588e-01,1.423328698991584845e-03,1.040456060502433075e-03,1.658073202590541924e-03,3.577206341515860866e-02,1.799418999580666423e-01,3.273969999281689525e-02,8.077229995978996158e-02,1.514999894425272942e-04,6.625819997861981392e-02,1.265621249372899726e+01,4.586950282456723205e-01,5.419547513618479684e+01,2.355125424643219390e+01,4.977953710891886985e-01,1.827704408191970131e+01,1.711000119529142438e+01,3.996800831139256660e-01,2.684418773839487571e+00,3.753714382240141134e+01,1.004198446330808636e+01,4.561949402571354284e+00,2.565842385266027037e+00,4.860725924626178696e+00,2.909491695329296856e+00,4.108057180688417631e+00,-1.467115868133579693e-01,-2.486695929004500982e-01
4.000000000000000000e+01,1.072643803831633547e-01,5.444118724224024028e-03,1.339386094565304941e-03,1.894562780816413938e-03,9.484047439490618236e-01,2.722059362112012014e-03,4.018158283695914823e-03,5.683688342449241815e-03,9.484047439490618514e-02,1.258713999995961785e-01,2.689459995599463582e-02,5.428590002702549100e-02,1.133999903686344624e-04,4.455560003407299519e-02,5.743458718813420738e+00,3.794031486674654535e-02,4.942168910117026570e+01,2.767448336310297208e+01,6.756909666841248718e-01,1.611707092672483910e+01,1.394431056364781796e+01,1.403812730675752851e+00,1.308926332801549908e+00,6.873679609662668888e+00,8.930128308491557476e+00,4.844807139501247306e+00,2.809245741461317003e+00,4.465624135725910548e+00,2.756749275291243251e+00,1.667120493964377115e+00,-3.654565373061902100e-02,2.544904625927374431e-02
4.100000000000000000e+01,3.694827093165246878e-02,3.039517269341024137e-03,8.650600810962108707e-04,1.214097082035014118e-03,2.919104080758828101e-01,1.519758634670512068e-03,2.595180243288632612e-03,3.642291246105042353e-03,2.919104080758828240e-02,1.242523999535478652e-01,2.540739998221397400e-02,5.941479996545240283e-02,1.142999972216784954e-04,3.929739998420700431e-02,1.119873583320553045e+01,7.158288515362125626e-01,4.662267203219559519e+01,1.813804532006440695e+01,4.267042927468341906e-01,1.605974319467212297e+01,1.847011719472893532e+01,8.486174544761386773e-01,2.057458321060384066e+00,1.726838515151587217e+01,1.326068382266181978e+01,3.398700386773272353e+00,3.254506745127534018e+00,4.047413037990722273e+00,4.380897433494495452e+00,1.970382817942003095e+00,-2.246630575486474601e-01,-1.931046008550973969e-02
4.200000000000000000e+01,8.672933771162415206e-02,3.312831394880506354e-03,8.570563968951625975e-04,1.389996587911959680e-03,7.833176305976251586e-01,1.656415697440253177e-03,2.571169190685487684e-03,4.169989763735879040e-03,7.833176305976252696e-02,1.033231999608688056e-01,2.228330000070855021e-02,4.744419996859505773e-02,1.158000086434185505e-04,3.346179996151477098e-02,6.029284106414697142e+00,8.460435951170222069e-01,5.614555103303168693e+01,3.285427359516750023e+00,8.982871984312204017e-01,1.499283219089927854e+01,1.580879951102294356e+01,2.163877927164922887e+00,9.503956885919178088e-01,2.571801582658344643e+01,3.887720747197420224e+00,4.905633800336862471e+00,3.638570018041112242e+00,4.924415895117222775e+00,3.915972459743703560e+00,1.541427217184499376e+00,-1.135102288344824739e-01,2.045100453726589884e-01
4.300000000000000000e+01,1.293278608050713319e-01,8.898643759388888061e-03,1.733876047393204025e-03,2.167885126757537664e-03,1.131732554029246662e+00,4.449321879694444030e-03,5.201628142179611641e-03,6.503655380272612557e-03,1.131732554029246662e-01,1.188452999922446907e-01,2.946009999141097069e-02,5.379390000598505139e-02,1.402999623678624630e-04,3.543249994982033968e-02,5.042811484929683452e+00,3.902393896323231859e-01,5.949317406501914007e+01,2.473922749912782493e+01,7.716785765322067281e-01,1.823205937551812994e+01,1.838999210830056441e+01,2.865683561562771819e-01,8.462510211511009572e-01,2.486615797582994247e+01,1.248505096571708073e+01,3.378895048652321265e+00,2.642481496618812820e+00,3.778108319272966753e+00,4.014845707142352005e+00,3.429439935564191355e+00,-1.118780380748969072e-01,-3.919086005175870246e-02
4.400000000000000000e+01,1.083945548594609093e-01,3.566955153695707762e-03,1.007884458006369499e-03,1.544036007864586085e-03,9.895531588500018350e-01,1.783477576847853881e-03,3.023653374019108497e-03,4.632108023593758256e-03,9.895531588500018627e-02,1.176307999994605780e-01,2.947700000368058681e-02,4.504170001018792391e-02,1.550999586470425129e-04,4.293759999563917518e-02,1.216816573925288480e+01,6.671448793801816601e-02,6.059453986744442489e+01,2.881050578331364775e+01,8.893059953613752233e-01,1.485451252870420014e+01,1.731480006711604958e+01,8.439941171401901254e-01,8.005601483745645730e-01,2.878461952231401355e+01,1.523790687085451179e+00,3.813970035955329685e+00,3.743180094492603249e+00,3.903593490206055616e+00,4.696261434773475685e+00,3.741747245192864835e+00,1.772605373193216205e-01,-2.994055442544796830e-01
4.500000000000000000e+01,1.251845982473502594e-01,7.179716291158668405e-03,1.319618726817155772e-03,1.748696267089795697e-03,1.123897951200500733e+00,3.589858145579334203e-03,3.958856180451467317e-03,5.246088801269387092e-03,1.123897951200500817e-01,1.234851999906823039e-01,2.544840000336989760e-02,5.082149995723739266e-02,1.202999847009778023e-04,4.707780003082007170e-02,6.979306859751155834e+00,2.915886274222133090e-01,5.481056562617987993e+01,1.313318949400938607e+01,9.037373184126679115e-01,1.723941738623807751e+01,1.729323702701382715e+01,2.394752491831433794e+00,1.615013071523141441e+00,7.613048771756359301e+00,1.278496915802701750e+01,3.661136426418604817e+00,3.059053735665503204e+00,4.844316422433834646e+00,4.702895389813580351e+00,3.091551955775570182e+00,-3.572369587824764103e-02,7.638093598964262876e-02
4.600000000000000000e+01,6.892197435752572821e-02,7.126100637330505441e-04,1.158575424427701845e-04,3.524624637274702699e-04,6.716070930714848064e-01,3.563050318665252720e-04,3.475726273283105401e-04,1.057387391182410810e-03,6.716070930714848619e-02,1.089418000192381442e-01,2.636949997395277023e-02,5.135139997582882643e-02,3.589999978430569172e-04,3.084550000494346023e-02,7.868688330330897429e+00,8.708034007034354262e-01,5.864148593005541699e+01,1.299341391548476743e+01,8.211107530790717757e-01,1.680724853304263888e+01,1.580441926907946915e+01,2.416112811343239741e+00,1.047053623537777201e+00,5.851787888012272010e-01,1.776605201243537735e+01,3.070056753705750374e+00,3.016771590389009994e+00,3.396863808495374837e+00,3.767135405783889279e+00,3.249840207916048218e+00,2.671055531600131094e-01,-2.569475366161218521e-01
4.700000000000000000e+01,2.263301256282069518e-01,3.762171934013556086e-03,8.569603388339782713e-04,1.376435141393495291e-03,2.177488532205177574e+00,1.881085967006778043e-03,2.570881016501934922e-03,4.129305424180485656e-03,2.177488532205177629e-01,1.072134000132791698e-01,2.322400000412017107e-02,4.778730001999065280e-02,1.119999797083437443e-04,3.606569994008168578e-02,1.462058209272631615e+01,6.677497125603358841e-01,5.755547839858130033e+01,9.625449755375129257e+00,2.940549347887028708e-01,1.606049059299941106e+01,1.363615880974294825e+01,7.868346190689665676e-01,2.105099396083011776e+00,2.345210015775455759e+01,9.095036434373632517e+00,3.474978471752756981e+00,4.561475322511377328e+00,4.631720793451151508e+00,2.773167396648514860e+00,2.879097439155084981e+00,2.197588958127238978e-02,2.385724945848399225e-01
4.800000000000000000e+01,1.500363350579564381e-01,9.575921350424433653e-03,2.289384286441311853e-03,2.953114842528544066e-03,1.295208769958346329e+00,4.787960675212216827e-03,6.868152859323935558e-03,8.859344527585633067e-03,1.295208769958346440e-01,1.463984000147320330e-01,5.674550001276656985e-02,4.915879998588934541e-02,7.369997911155223846e-05,4.039829998509958386e-02,2.597064337623499419e+00,6.791910442330829911e-02,5.094189881886604354e+01,1.394844189711586413e+00,7.100886554452426891e-01,1.810427298528470175e+01,1.467998222993647062e+01,2.149668204680480699e+00,2.530066352669863239e+00,3.340883599220084221e+01,1.573509330054655209e+01,2.044057518042758925e+00,2.149766057553467835e+00,2.646057820803634719e+00,3.706715311679916525e+00,4.613355576886201348e+00,-1.611440044978260655e-01,-1.395756063310115425e-01
4.900000000000000000e+01,1.166974356310991889e-01,3.786449161967467541e-03,1.046704101199377084e-03,1.600269573177328384e-03,1.068632900269853359e+00,1.893224580983733770e-03,3.140112303598131469e-03,4.800808719531985368e-03,1.068632900269853442e-01,1.072752000181935728e-01,2.618560002883896232e-02,4.783840000163763762e-02,8.449994493275880814e-05,3.315099998144432902e-02,6.180502513073434123e+00,5.638858320172597249e-01,5.083052316653362368e+01,2.102277841240566048e+01,6.776405547121698847e-01,1.372310524515885533e+01,1.357317129602885331e+01,2.316534035590796847e+00,1.503018849851219141e+00,6.489336728924491204e+00,1.443822481222211174e+01,2.155891593178403287e+00,4.971142445630331252e+00,4.188666517194044481e+00,4.394852028441795788e+00,2.178504722115341963e+00,-2.304305863256693176e-01,-1.842617275663618326e-01
5.000000000000000000e+01,1.974853729238050248e-01,3.469691831802644566e-03,9.069909893920560101e-04,1.437628282530145369e-03,1.887166691921370765e+00,1.734845915901322283e-03,2.720972968176168030e-03,4.312884847590436541e-03,1.887166691921370876e-01,9.395910007879137993e-02,2.092390001052990556e-02,4.299799998989328742e-02,1.169000170193612576e-04,2.990119997411966324e-02,5.146466308557532621e+00,8.541541196739158570e-01,5.315007154227949115e+01,1.577609384170609452e+01,1.628548243539404139e-01,1.302192003933114250e+01,1.364305626297012708e+01,1.374709624358624982e+00,3.673045773887446686e-01,2.805026811691473654e+01,8.385483382928779150e+00,3.964453649588584927e+00,3.491285734224055304e+00,3.308198554075014730e+00,2.884220857172612895e+00,2.329321283696089040e+00,2.373962970315265930e-01,2.529519542557834844e-01
5.100000000000000000e+01,2.318874529543216156e-01,5.340808893538664774e-03,1.400341279553998265e-03,1.807866115686706078e-03,2.195924263218301586e+00,2.670404446769332387e-03,4.201023838661994796e-03,5.423598347060118452e-03,2.195924263218301808e-01,1.161275999620556831e-01,2.660739998100325465e-02,5.438040004810318351e-02,1.993000041693449020e-04,3.491410001879557967e-02,5.525057462649860085e+00,7.066654020723196761e-02,4.759177129113184890e+01,2.880649681058558187e+01,6.401244681057435271e-01,1.766091700729149139e+01,1.747308866753251522e+01,2.371693819802445979e+00,1.973278834518177760e+00,3.335874214587017494e+00,1.604380311324676711e+01,3.942321359437639838e+00,4.083528837379093446e+00,3.023172540515041806e+00,2.395415131741744474e+00,3.640839211388485097e+00,2.037230428097979718e-01,-4.747325591867201933e-02
5.200000000000000000e+01,7.095631409313549187e-02,4.270315267197362548e-03,8.247401579036789778e-04,1.162999816763374879e-03,6.285793653553564120e-01,2.135157633598681274e-03,2.474220473711037042e-03,3.488999450290124638e-03,6.285793653553564675e-02,1.382774999365210533e-01,3.230459999758750200e-02,5.466949997935444117e-02,7.639994146302342415e-05,5.120619997614994645e-02,9.057553602659538683e+00,1.000000000000000000e+00,6.260172849949434948e+01,1.427873547825661937e+01,7.712153515777145918e-01,1.446838030031264744e+01,1.850000000000000000e+01,0.000000000000000000e+00,3.000000000000000000e+00,2.269337969680771394e+01,4.316705659411740115e+00,4.163429671679063304e+00,2.000000000000000000e+00,4.512285375436228207e+00,4.530234099075801879e+00,3.951114383337368530e+00,-1.423942971331977336e-01,1.385838382071992170e-01
5.300000000000000000e+01,9.104466512731271277e-02,1.031542276817876483e-02,2.327839417562739110e-03,2.997254947696005416e-03,6.991167064744708837e-01,5.157711384089382414e-03,6.983518252688216896e-03,8.991764843088015380e-03,6.991167064744709114e-02,1.624098000465892255e-01,3.358380001736804843e-02,7.925880001857876778e-02,8.540000999346375465e-05,4.946239996934309602e-02,7.422572679794997796e+00,2.079239316066852916e-01,4.951265775626394117e+01,1.174104490574645077e+01,5.457968503523576986e-01,1.442030469678273441e+01,1.850000000000000000e+01,8.274602939319535277e-01,1.906154127565812706e+00,1.237406858010480093e+01,1.998863646229339253e+01,4.886477439498424502e+00,3.974967177059741008e+00,3.738933551439578284e+00,4.945542815362501621e+00,2.972793192087335168e+00,-2.072393445001439738e-01,-1.874275752158370278e-01
5.400000000000000000e+01,7.524097608750095201e-02,6.631431673950815425e-03,3.476060285399029930e-03,4.267172019698631247e-03,4.869556333523256120e-01,3.315715836975407713e-03,1.042818085619708936e-02,1.280151605909589374e-02,4.869556333523256120e-02,1.139489000197499990e-01,2.692559995921328664e-02,5.927520000841468573e-02,1.409000251442193985e-04,2.758220001123845577e-02,1.269143412888812605e+01,9.949216022657944025e-01,4.586143087907343840e+01,7.197976546556918542e+00,2.723876627778129556e-01,1.504622796369651461e+01,1.826561006226799577e+01,0.000000000000000000e+00,2.389611781380649447e+00,1.836365857445908389e+01,1.236759288290355485e+01,4.970198306981907344e+00,2.000000000000000000e+00,4.886073321578015438e+00,2.646298091812702591e+00,1.610613026502981215e+00,-1.370318456905533500e-01,-1.280040316476347972e-01
5.500000000000000000e+01,3.195703408337109003e-02,1.149713874573115441e-02,1.823707441358104510e-03,2.154897615796598845e-03,1.427264953904140432e-01,5.748569372865577204e-03,5.471122324074313530e-03,6.464692847389796534e-03,1.427264953904140536e-02,1.134431000682525337e-01,2.947550005046650767e-02,5.034920002799481153e-02,8.080003317445516586e-05,3.352180001093074679e-02,1.329183193949583242e+01,8.411629536425598852e-01,6.258477233780084248e+01,1.481179591825325836e+01,6.474344671871181678e-01,1.529636168371669136e+01,1.828630052977580078e+01,1.126183309997270898e+00,1.195993090202257109e-01,2.446063401835052531e+01,1.335045784521356182e+01,2.071910458299648816e+00,2.166809061500698519e+00,4.818323447294281081e+00,3.545047809626061142e+00,4.283115142067863701e+00,2.458375297760942435e-01,2.171568482114129561e-01
5.600000000000000000e+01,1.030203323507689894e-01,4.646544271064330552e-03,2.816647024962531855e-03,3.479712577342535581e-03,8.180798140832161724e-01,2.323272135532165276e-03,8.449941074887595133e-03,1.043913773202760631e-02,8.180798140832162835e-02,1.293595000170171261e-01,2.818959997966885567e-02,5.316179996589198709e-02,1.185000292025506496e-04,4.786709998734295368e-02,7.735214936029859878e+00,1.000000000000000000e+00,5.039660182681620171e+01,6.202577764810412120e+00,4.343197837189549104e-01,1.614440725313885139e+01,1.607093114488827013e+01,4.062828048405121573e-01,6.028066424258138323e-01,0.000000000000000000e+00,1.626553962228232919e+01,2.272987836698049602e+00,2.908528158907929928e+00,3.073036446736080229e+00,2.537326887695837030e+00,1.810869719983642767e+00,-1.376264524552417434e-02,7.431090888844626985e-02
5.700000000000000000e+01,3.112592305476072005e-02,8.445637829821505543e-03,1.025206407550482372e-03,1.244045621328547036e-03,2.009534805321287476e-01,4.222818914910752772e-03,3.075619222651447115e-03,3.732136863985641324e-03,2.009534805321287754e-02,1.179275999893434346e-01,2.579819998936727643e-02,5.137180001474916935e-02,1.231000060215592384e-04,4.061220004223287106e-02,1.139110850449216095e+01,9.034802925988000277e-01,6.319341719586228123e+01,1.288315966723413020e+01,8.628281815856293502e-01,1.466183925624555684e+01,1.802302221535551752e+01,1.614664075042373970e+00,2.487034880857844854e+00,1.727310088295677559e+01,1.214818082798612409e+01,2.527603061799065021e+00,2.618128292260529122e+00,3.796532444385162020e+00,5.000000000000000000e+00,4.081475288078317831e+00,1.172060808030891965e-01,1.353950562311488359e-01
5.800000000000000000e+01,6.847606873338563105e-02,7.738653893111004274e-03,2.177237971489044428e-03,2.747666039115837476e-03,4.983202975501548337e-01,3.869326946555502137e-03,6.531713914467133716e-03,8.242998117347511561e-03,4.983202975501548754e-02,1.142961999867111444e-01,2.744059998076409101e-02,4.875919996993616223e-02,1.197999808937311172e-04,3.795820003142580390e-02,1.500000000000000000e+01,5.867522115305262576e-01,6.246763854686300732e+01,1.280482000656322406e+01,2.156794793758649575e-01,1.715442098306716900e+01,1.766810460824910223e+01,1.848566093209034755e-01,2.169227165819743952e+00,3.398779990138930884e+01,2.722866095799903796e+00,4.674365044145282866e+00,4.598119401329286760e+00,4.923255251985361625e+00,3.562603352646865673e+00,3.287761408685710318e+00,7.999574090769234758e-03,5.131908583990779649e-02
5.900000000000000000e+01,6.647350244841646050e-02,8.380241144025584940e-03,1.936131889242399340e-03,2.416888675101703989e-03,4.922432018337136173e-01,4.190120572012792470e-03,5.808395667727198237e-03,7.250666025305111534e-03,4.922432018337136173e-02,1.132664999458938837e-01,2.492050000000745058e-02,4.809759999625384808e-02,8.219998562708497047e-05,4.014880000613629818e-02,9.125902024204037843e+00,4.894196629937023202e-01,4.696963931886212151e+01,1.583230595194321211e+01,5.307504340245080554e-01,1.357893367023527809e+01,1.811384723620549408e+01,2.145725054652095398e+00,0.000000000000000000e+00,9.459401386605380324e+00,5.386804159881321219e+00,2.885043530811959744e+00,3.003708959384226773e+00,3.552002047959970543e+00,2.682075738049873870e+00,2.171972821311342727e+00,2.314984506139171061e-01,1.749965402370097789e-01
6.000000000000000000e+01,4.813388282079072988e-02,5.330043834361321807e-03,4.292549428483586932e-04,7.330256496780527794e-04,4.198201912603082842e-01,2.665021917180660904e-03,1.287764828545076134e-03,2.199076949034158446e-03,4.198201912603083397e-02,1.149458999861963093e-01,2.439549996051937342e-02,5.123519996413961053e-02,7.639999967068433762e-05,3.921900002751499414e-02,1.407800369611117475e+01,2.227535811797071164e-01,6.151115771078717387e+01,1.732347858984559608e+01,3.422968117982101988e-01,1.509863402303684055e+01,1.827372997399806920e+01,1.062832834243754965e+00,1.615771974373741537e+00,1.635145685943907168e+01,2.475173937651162781e+00,2.922908398092460835e+00,4.516228756028072056e+00,2.640276122244489265e+00,4.142751918372086450e+00,1.875785838504606229e+00,-3.807436947368747493e-02,3.162987348982815305e-02
6.100000000000000000e+01,6.459008914073594010e-02,4.710107734207215693e-03,4.342195689998812401e-04,8.286439210964673292e-04,5.844644480334327818e-01,2.355053867103607847e-03,1.302658706999643666e-03,2.485931763289401988e-03,5.844644480334328096e-02,1.196709000505506992e-01,3.076960000908002257e-02,4.989849997218698263e-02,1.258000265806913376e-04,3.885479999007657170e-02,1.500000000000000000e+01,4.669308236883981111e-01,6.190648428366537104e+01,1.497530641368538262e+01,9.374047099539755123e-01,1.505415248468331590e+01,1.830999379975551022e+01,1.019328031958729230e+00,2.510194663891432310e+00,2.262351757349681591e+01,7.296103121179860374e+00,2.176502942937760032e+00,2.000000000000000000e+00,2.921138585358435513e+00,3.862849877935881970e+00,1.454475471182574475e+00,-2.463162371253388438e-01,-8.758341075619846539e-03
6.200000000000000000e+01,1.011118925828345116e-01,4.803935656793579222e-03,1.158804271280829221e-03,1.655494719629876498e-03,9.026702778170559993e-01,2.401967828396789611e-03,3.476412813842487664e-03,4.966484158889629061e-03,9.026702778170560271e-02,1.780367000610567629e-01,3.043939999770373106e-02,8.417909999843686819e-02,1.477999612689018250e-04,6.324719998519867659e-02,8.346079607292491431e+00,6.790333175775457031e-01,4.795666639809385856e+01,1.344259553922556805e+01,6.079386663259699342e-01,1.477602808281891811e+01,1.763417502095263956e+01,1.928017036310522236e+00,3.000000000000000000e+00,3.884578471954978962e+00,1.877948031203579005e+00,4.675979696033558675e+00,2.309626664703745114e+00,5.000000000000000000e+00,3.970090922042349479e+00,5.000000000000000000e+00,2.999999999999999889e-01,2.089861238349126071e-01
6.300000000000000000e+01,1.143368462660608736e-01,3.892928448340559917e-03,1.115661637408053202e-03,1.679282232211089807e-03,1.040055504330331670e+00,1.946464224170279958e-03,3.346984912224159822e-03,5.037846696633269637e-03,1.040055504330331670e-01,1.624206000124104321e-01,3.362459997879341245e-02,5.651859997306019068e-02,1.566000282764434814e-04,7.209919998422265053e-02,7.403784018476151196e+00,2.165505946469090393e-01,5.311640502196998170e+01,7.988608817403803464e+00,6.163090001486427605e-01,1.313598022362917384e+01,1.777704611225840381e+01,2.001855063868523743e+00,1.296306148028717020e+00,3.542997105481693865e+01,1.436450619787952654e+01,2.931462896797174089e+00,2.074797813968758842e+00,4.998220875174909317e+00,4.626092729337005771e+00,4.547511222987473900e+00,2.611088634616159365e-01,-1.206222521472742060e-01
6.400000000000000000e+01,2.959246647870012251e-02,3.893773405063927825e-03,2.291538666683953784e-03,2.635775491570186389e-03,1.286363730140573647e-01,1.946886702531963912e-03,6.874616000051861353e-03,7.907326474710558301e-03,1.286363730140573786e-02,1.419647000147961080e-01,2.567340002860873938e-02,6.369700003415346146e-02,8.069997420534491539e-05,5.249699996784329414e-02,1.250100427136207415e+01,9.947409752642318859e-01,6.252711039089652445e+01,1.010000000000000009e+00,1.809282584450954690e-01,1.515495470258607114e+01,1.808755450911007046e+01,1.236407278417723354e+00,0.000000000000000000e+00,1.774089314470420575e+01,2.000000000000000000e+01,3.407362198138614406e+00,3.291743070257730608e+00,3.453466207166810520e+00,4.906921427916479672e+00,3.942302715002627522e+00,2.975069010112967871e-01,7.113967452607783404e-02
6.500000000000000000e+01,7.076112705059367514e-02,8.811026490172171530e-03,1.671808599572974490e-03,2.059749409643949012e-03,5.516093977785681002e-01,4.405513245086085765e-03,5.015425798718923037e-03,6.179248228931847470e-03,5.516093977785681279e-02,1.488048999453894794e-01,3.174579999176785350e-02,6.512119999388232827e-02,7.689994527027010918e-05,5.184470006497576833e-02,2.000000000000000000e+00,9.172363751173558954e-01,6.206337085373177587e+01,5.692806693509325555e+00,7.066058169929585464e-01,1.419338659160503191e+01,1.735309665069417662e+01,2.860033174503259890e+00,3.000000000000000000e+00,0.000000000000000000e+00,1.213354874495838942e+01,3.088345033330259781e+00,2.611102510631044815e+00,2.241951307556789175e+00,4.331516069018894299e+00,3.605441074371267707e+00,-2.884586652473719037e-01,-1.222699154226680740e-03
6.600000000000000000e+01,8.326680314944583106e-02,8.011669381737928503e-03,9.863709730691921484e-04,1.174244658546454417e-03,7.277912156372992047e-01,4.005834690868964251e-03,2.959112919207576228e-03,3.522733975639363250e-03,7.277912156372992603e-02,1.419521000352688134e-01,3.885549999540671706e-02,5.686190002597868443e-02,7.700000423938035965e-05,4.613650002283975482e-02,1.132636342373393035e+01,3.971367094726997449e-01,5.787380339140576524e+01,1.427196277016548365e+01,7.072394618448009096e-01,1.506464832080473037e+01,1.826595803294465270e+01,2.928071061850225920e+00,1.286391014693378576e+00,1.823490741109901236e+01,2.000000000000000000e+01,3.735585386107471706e+00,2.059496728722092662e+00,3.710993671461054078e+00,2.777597053053666443e+00,4.730668784206263133e+00,2.999999999999999889e-01,4.634099751380349463e-02
6.700000000000000000e+01,2.635222269351791824e-02,5.504520191009691296e-03,5.427806090579402349e-04,8.160919382403455675e-04,1.952334495611821319e-01,2.752260095504845648e-03,1.628341827173820705e-03,2.448275814721036919e-03,1.952334495611821388e-02,1.051196000189520419e-01,2.514719997998327017e-02,5.106229998636990786e-02,7.930002175271511078e-05,2.881429996341466904e-02,1.106340932325751680e+01,7.907338808783959117e-01,6.348429960451942122e+01,1.216647010453624134e+01,9.138495220527464991e-01,1.522581194214547651e+01,1.798730279127646270e+01,1.196289154432769175e+00,7.387103878558173298e-01,2.234049893802952269e+01,1.935895660850006905e+01,2.859615995373406605e+00,2.750000301552812054e+00,4.643354852367450825e+00,4.302130461847894161e+00,3.139400834018239106e+00,2.035213386563265447e-01,4.574822589699206743e-02
6.800000000000000000e+01,3.897036547305692683e-02,8.230721863611165090e-03,1.769618474140804455e-03,2.288231955159032976e-03,2.268145325335182982e-01,4.115360931805582545e-03,5.308855422422413366e-03,6.864695865477098494e-03,2.268145325335182982e-02,1.165332000236958265e-01,2.839110000059008598e-02,5.415439995704218745e-02,8.080003317445516586e-05,3.389159997459501028e-02,1.122894911898717751e+01,5.200789465261993483e-01,5.661332714332164073e+01,3.912134074644123771e+00,8.085011349591039176e-01,1.607914535252323418e+01,1.788062408465240338e+01,1.036648935022161044e+00,2.326859920898269429e+00,2.058698670489363991e+01,2.000000000000000000e+01,3.330346992594404920e+00,3.225871273209058643e+00,5.000000000000000000e+00,4.390858234280516470e+00,3.407457736592551800e+00,-2.999999999999999889e-01,2.977744388736854320e-01
6.900000000000000000e+01,5.901805853400358265e-02,5.398166949920417748e-03,9.113044303400881507e-04,1.379932786689341655e-03,4.944526340795508124e-01,2.699083474960208874e-03,2.733913291020264452e-03,4.139798360068024964e-03,4.944526340795508262e-02,1.159203000133857131e-01,2.515950001543387771e-02,5.339880002429708838e-02,8.550001075491309166e-05,3.725989995291456580e-02,1.329994111759881470e+01,7.218394966386043610e-01,6.477194881294916229e+01,1.515198652761424647e+01,7.222601088122641011e-01,1.511660280077380847e+01,1.832015284502685759e+01,1.234340935700875663e+00,5.290425304582111465e-01,2.545012914554495609e+01,1.546027564657879338e+01,2.246830933357617077e+00,2.172996688415555155e+00,2.242499024299577481e+00,4.915217868447358640e+00,3.298132555718544356e+00,-1.009455836310646226e-01,-2.154028318658556818e-01
7.000000000000000000e+01,4.536604782843216277e-02,7.245562539951897960e-03,1.095563136505337118e-03,1.836253207786478709e-03,3.294781752558076371e-01,3.622781269975948980e-03,3.286689409516011136e-03,5.508759623359436343e-03,3.294781752558076371e-02,1.072033999953418970e-01,2.632860001176595688e-02,4.738349997205659747e-02,1.211999915540218353e-04,3.335280000464990735e-02,4.926997297018457900e+00,8.986686554615992417e-01,5.590709577583494649e+01,2.456187707891912453e+01,9.669669320416717229e-01,1.333738888598717587e+01,1.759970114552982068e+01,1.928910381929950457e+00,1.990178932741869300e+00,0.000000000000000000e+00,4.054552220672749563e+00,2.360806505481186424e+00,3.635023014651351581e+00,4.643479191779354309e+00,4.026540132831737395e+00,1.064393218888714854e+00,7.853195484093900003e-02,-1.743937441049423775e-01
7.100000000000000000e+01,5.191812084734045984e-02,6.313062069045189198e-03,5.307643574720546454e-04,6.849553761600234896e-04,4.511443061192162429e-01,3.156531034522594599e-03,1.592293072416164045e-03,2.054866128480070577e-03,4.511443061192162846e-02,1.177787999622523785e-01,2.836570004001259804e-02,5.095520004397258162e-02,1.205999869853258133e-04,3.831559995887801051e-02,1.500000000000000000e+01,7.133260784089735518e-01,5.589895744612334738e+01,6.334519513333861873e+00,7.555753471430812773e-01,1.850000000000000000e+01,1.651409161809612414e+01,0.000000000000000000e+00,1.293632810029615499e+00,2.427534203834379412e+01,1.453062126457368564e+01,3.506574920704399467e+00,4.530011602249048863e+00,4.456411822520959021e+00,4.022372124135801918e+00,5.000000000000000000e+00,-1.246671113720237978e-02,-1.723753998629240225e-01
7.200000000000000000e+01,7.093342552430947912e-02,8.139697645927292113e-03,2.371037131466714135e-03,3.063511668875037487e-03,5.055993030032056579e-01,4.069848822963646057e-03,7.113111394400142840e-03,9.190535006625113329e-03,5.055993030032056995e-02,1.228035999811254442e-01,2.687719999812543392e-02,6.229219998931512237e-02,1.300000003539025784e-04,3.347599995322525501e-02,1.157269275081786652e+01,3.449835591201048657e-01,6.279357953544686666e+01,4.744042359270687292e+00,2.903548612134165124e-02,1.557881159530429471e+01,1.847704015504719521e+01,1.709931448154447864e+00,1.510209863109034378e+00,2.663885559113506929e+01,1.596182545858980006e+01,4.872321609449267399e+00,3.268849987906375709e+00,2.829018706459963006e+00,5.000000000000000000e+00,2.680001334766106247e+00,1.641993821717200874e-01,2.631876395688280135e-01
7.300000000000000000e+01,4.809150154557363666e-02,5.464928189574810684e-03,8.453105221786984431e-04,1.396630189908524937e-03,3.863321531452456048e-01,2.732464094787405342e-03,2.535931566536095329e-03,4.189890569725574811e-03,3.863321531452456464e-02,1.148825000273063779e-01,2.439949999097734690e-02,5.730039998888969421e-02,1.173000200651586056e-04,3.304569999454542994e-02,9.147930409363072002e+00,6.973329000385873888e-01,5.818854601611290178e+01,1.010000000000000009e+00,7.784472115647138590e-01,1.681916662086005587e+01,1.609875305247526001e+01,7.756957894459004521e-01,2.236120156892730471e+00,1.159803904823062126e+01,2.430824793905186798e+00,3.102678683670387905e+00,2.008889029783333502e+00,5.000000000000000000e+00,3.659493604432933367e+00,5.000000000000000000e+00,2.473410522411484957e-01,-2.008224537836030832e-01
7.400000000000000000e+01,1.676340942433922343e-02,5.998554737227076820e-03,8.232855789954523747e-04,1.160423655131847479e-03,7.813004353343785957e-02,2.999277368613538410e-03,2.469856736986357233e-03,3.481270965395542438e-03,7.813004353343786651e-03,1.359561000135727227e-01,3.328679996775463223e-02,5.294209998100996017e-02,1.376000000163912773e-04,4.956680000759661198e-02,1.270828252101402356e+01,6.949361829404678836e-01,6.249077696157435469e+01,1.505313890046886272e+01,7.518838914628384051e-02,1.460530497943527273e+01,1.794006323352970966e+01,9.689472980224715926e-01,2.341467132326743972e+00,1.423169359987142535e+01,1.860750445241126627e+01,2.053734261468219913e+00,4.339014811057460896e+00,5.000000000000000000e+00,4.156239434987663905e+00,3.276594718072594947e+00,3.724599006793954947e-02,1.236771358196263604e-01
7.500000000000000000e+01,3.337208924040463431e-02,8.014644274199456131e-03,9.163544512989322275e-04,1.147004569359936447e-03,2.317469004132830246e-01,4.007322137099728065e-03,2.749063353896796791e-03,3.441013708079809340e-03,2.317469004132830315e-02,1.145453999633900821e-01,2.488280000397935510e-02,5.371180002111941576e-02,1.078999484889209270e-04,3.582339995773509145e-02,1.405629893751681081e+01,5.744467268479843680e-01,6.157134329095033820e+01,1.114100138425023090e+01,8.799534846155689927e-01,1.491664643777279409e+01,1.819699582731374932e+01,1.287987375636157950e+00,2.667368211367396658e+00,1.566593019965342393e+01,1.539344656824948565e+01,3.624994181513879976e+00,4.197679915875325740e+00,5.000000000000000000e+00,4.668717041180615368e+00,3.593972126068271766e+00,5.484959703838399037e-02,1.380488238119875755e-02
7.600000000000000000e+01,1.080566860204418000e-01,4.316707122912478295e-03,1.591587868497070478e-03,2.174905000117197031e-03,9.459885385314276141e-01,2.158353561456239147e-03,4.774763605491211434e-03,6.524715000351590660e-03,9.459885385314276141e-02,1.045273000490851700e-01,2.325420000124722719e-02,4.739410005277022719e-02,1.117000356316566467e-04,3.374719998100772500e-02,7.605910102404693340e+00,1.000000000000000000e+00,5.677044090385692243e+01,6.582355619499989707e+00,7.548887337252095930e-01,1.305794940054793685e+01,1.779851585239745049e+01,1.984147675393481691e+00,5.312444079154374221e-02,0.000000000000000000e+00,2.000000000000000000e+01,2.959768905279382079e+00,2.190099409773079486e+00,4.840246732694177823e+00,4.696108077515753543e+00,1.000000000000000000e+00,2.133312691425475749e-01,-1.665006120892758013e-01
7.700000000000000000e+01,1.031499229427406961e-01,6.487458500456196216e-03,1.089254604213137642e-03,1.623656567263056204e-03,9.176746017808401490e-01,3.243729250228098108e-03,3.267763812639413144e-03,4.870969701789168611e-03,9.176746017808401490e-02,1.266223000129684806e-01,2.784330002032220364e-02,6.382779998239129782e-02,1.132999896071851254e-04,3.481510002166032791e-02,2.000000000000000000e+00,2.927157995050356232e-01,6.432124418922009568e+01,3.000000000000000000e+01,9.376033575658393460e-01,1.300000000000000000e+01,1.751241096909978268e+01,8.817719546222136939e-01,2.036522366008098217e+00,0.000000000000000000e+00,8.165307650411193663e+00,3.417754206365433589e+00,4.953306589221819323e+00,3.415642348877447887e+00,2.556293917639141711e+00,1.587392716816338423e+00,-8.562798870465448964e-02,-4.960110779987580987e-02
7.800000000000000000e+01,9.911205241534346011e-02,6.677281870506476119e-03,1.229469681528784540e-03,1.604105981868881323e-03,8.727268448989721206e-01,3.338640935253238060e-03,3.688409044586353838e-03,4.812317945606644186e-03,8.727268448989722316e-02,1.235220999806188047e-01,4.045099997892975807e-02,4.855609999503940344e-02,1.670999918133020401e-04,3.429939999477937818e-02,1.359940928407033489e+01,3.732831183588765089e-01,4.806316413052390857e+01,1.010000000000000009e+00,7.299848516953310051e-01,1.639263768591704817e+01,1.803284955760874908e+01,0.000000000000000000e+00,2.520744766681386473e+00,6.454188329921149325e+00,1.378611003511047528e+01,4.577437635766261614e+00,3.725393491786913813e+00,4.788851600292765021e+00,4.463168903761631334e+00,5.000000000000000000e+00,-7.687481380469007863e-02,2.999999999999999889e-01
7.900000000000000000e+01,8.865157339859724983e-02,1.328578126799032956e-02,2.624530456970884228e-03,3.404837756862826286e-03,6.392057812310094622e-01,6.642890633995164780e-03,7.873591370912652251e-03,1.021451327058847842e-02,6.392057812310095177e-02,1.079264000291004777e-01,2.276159997563809156e-02,4.989869997370988131e-02,1.166000147350132465e-04,3.513039997778832912e-02,5.016673839278441349e+00,7.986357688404258637e-01,4.893807690196177873e+01,2.151960329853269371e+01,7.113488242530036088e-01,1.444447989502218732e+01,1.683663669277664710e+01,2.365524040220631452e+00,1.065758389454955157e+00,0.000000000000000000e+00,1.433569908363172551e+00,2.457457320717969740e+00,3.607611767933551761e+00,3.837526277747043579e+00,4.044811167627174520e+00,2.025322874410030671e+00,2.447643499469852046e-01,-2.661831097967377602e-01
8.000000000000000000e+01,5.315388188697525718e-02,7.690937764138910254e-03,1.482425601621895636e-03,1.822943062413140674e-03,3.939230701280068692e-01,3.845468882069455127e-03,4.447276804865687126e-03,5.468829187239421588e-03,3.939230701280069247e-02,1.197701999917626381e-01,2.819470001850277185e-02,4.760649998206645250e-02,1.103999675251543522e-04,4.383099992992356420e-02,1.079564241238386657e+01,7.194150800015508551e-01,5.747273547575372277e+01,2.325355986671358366e+01,3.313522134493932514e-01,1.476031548875013577e+01,1.794970197985843896e+01,1.031656884286024312e+00,2.131204682965263775e+00,1.415380867127669973e+01,1.591667926529587618e+01,2.716011363853144900e+00,4.688960915747628633e+00,5.000000000000000000e+00,2.397264923429447858e+00,2.466502935804844476e+00,-2.371171338283006857e-01,2.951270670545609875e-01
8.100000000000000000e+01,6.779143389822266108e-02,5.878001485747057046e-03,2.391883104882670287e-03,3.084760556960197773e-03,4.842250216982053046e-01,2.939000742873528523e-03,7.175649314648010861e-03,9.254281670880593752e-03,4.842250216982053185e-02,1.160403000540100038e-01,2.382810000563040376e-02,5.168550001690164208e-02,1.181000261567533016e-04,4.038030002266168594e-02,1.500000000000000000e+01,1.000000000000000000e+00,6.443834428136968029e+01,1.422786954793570047e+01,8.154284199610017936e-02,1.458973597645812426e+01,1.801825942374649614e+01,2.635913236744880983e+00,7.317883237666641394e-01,1.551161769549430325e+01,5.064393229209288805e+00,2.373940081597589291e+00,3.932396170789697276e+00,5.000000000000000000e+00,5.000000000000000000e+00,3.216129077827762472e+00,-2.298715530041062494e-01,2.999999999999999889e-01
8.200000000000000000e+01,4.132084130344031853e-02,2.311822067391694057e-03,8.946005053742918465e-04,1.493183276580669315e-03,3.300157892387958758e-01,1.155911033695847029e-03,2.683801516122875756e-03,4.479549829742007945e-03,3.300157892387958758e-02,1.088242999976500869e-01,2.731089998269453645e-02,4.975030000787228346e-02,1.150000025518238544e-04,3.161910001654177904e-02,1.500000000000000000e+01,1.000000000000000000e+00,4.500000000000000000e+01,1.973273150637423612e+01,1.421992275341025236e-01,1.669442533022086295e+01,1.753480876557979329e+01,0.000000000000000000e+00,3.000000000000000000e+00,3.900000000000000000e+01,1.906143466503788630e+01,3.468718406264532206e+00,3.666481492442235091e+00,5.000000000000000000e+00,5.000000000000000000e+00,1.782121523682916653e+00,-2.999999999999999889e-01,-4.904000182287854281e-02
8.300000000000000000e+01,6.306615469460921664e-02,8.737753451504078062e-03,2.580476913162973573e-03,3.339920131033854902e-03,4.093608683626669409e-01,4.368876725752039031e-03,7.741430739488920285e-03,1.001976039310156427e-02,4.093608683626669825e-02,1.143159000203013420e-01,2.718089998234063387e-02,5.116420000558719039e-02,7.249996997416019440e-05,3.588390001095831394e-02,7.942753188828556965e+00,1.000000000000000000e+00,4.564652484816358680e+01,3.000000000000000000e+01,9.545866845122525923e-01,1.850000000000000000e+01,1.562093597493256425e+01,0.000000000000000000e+00,2.592464730754555635e+00,3.499748485305324408e+01,2.578581628191264130e+00,2.040745455095269723e+00,4.831519980415773574e+00,5.000000000000000000e+00,5.000000000000000000e+00,3.090152543515686467e+00,-2.999999999999999889e-01,-1.775449349644401265e-01
8.400000000000000000e+01,9.475526975526400719e-02,7.953747740671682567e-03,3.216240174682468127e-03,3.627310612933490764e-03,7.024774352208028594e-01,3.976873870335841284e-03,9.648720524047403949e-03,1.088193183880047273e-02,7.024774352208028316e-02,1.234680000343360007e-01,2.727500000037252903e-02,4.998529999284073710e-02,1.239000121131539345e-04,4.605979996267706156e-02,9.494456173186240022e+00,1.000000000000000000e+00,6.096521202585182664e+01,1.369486407347632273e+01,4.233292832186006938e-01,1.676452794813049252e+01,1.675476512735115975e+01,0.000000000000000000e+00,3.000000000000000000e+00,3.270862787250640480e+01,8.802136995224474347e+00,3.708838323631906242e+00,3.615327358118565648e+00,5.000000000000000000e+00,4.589276031732167027e+00,5.000000000000000000e+00,-2.999999999999999889e-01,2.459973382893860250e-01
8.500000000000000000e+01,3.699046907591190675e-02,3.654112278438691099e-03,1.277616875457048516e-03,1.691612749996438759e-03,2.625572406033209738e-01,1.827056139219345550e-03,3.832850626371145548e-03,5.074838249989316492e-03,2.625572406033209807e-02,1.446757999947294593e-01,4.081610002322122455e-02,5.291959998430684209e-02,1.259999698959290981e-04,5.079090001527220011e-02,1.260623031349416046e+01,1.000000000000000000e+00,5.632632542198970782e+01,1.870264397984153959e+01,1.768068900273919164e-01,1.412321189663153120e+01,1.836691377810041814e+01,1.039689344956098882e+00,2.514098118576254315e+00,3.494105851026679943e+01,2.000000000000000000e+01,3.567244313795815636e+00,3.996905921077621215e+00,4.863138774233465966e+00,3.956155311255628249e+00,1.866374746629933856e+00,2.999999999999999889e-01,9.310210832771753653e-02
8.600000000000000000e+01,1.092921371704604488e-01,6.644768328422808595e-03,2.178520121515009188e-03,2.924044634414005479e-03,9.066205873846200358e-01,3.322384164211404298e-03,6.535560364545027132e-03,8.772133903242017305e-03,9.066205873846200358e-02,1.034848000272177160e-01,2.450940001290291548e-02,5.062260001432150602e-02,1.118999789468944073e-04,2.822239993838593364e-02,1.129116577449130254e+01,3.467798462721557451e-01,4.624348984818591646e+01,8.466809554566719243e+00,5.925955920142057520e-01,1.494898915820935059e+01,1.774295404944476928e+01,1.137766426253536078e+00,0.000000000000000000e+00,0.000000000000000000e+00,2.000000000000000000e+01,3.925019753182619642e+00,3.447925233313950955e+00,4.349553177660435921e+00,3.661983474164031804e+00,4.583863709597489233e+00,-2.999999999999999889e-01,8.894451176562884198e-02
8.700000000000000000e+01,2.849594254891289757e-02,2.237874055155708933e-03,3.916817604127528448e-04,7.620765163938303518e-04,2.391573069091529058e-01,1.118937027577854466e-03,1.175045281238258589e-03,2.286229549181490947e-03,2.391573069091529335e-02,1.062834000331349671e-01,2.293969999300315976e-02,4.534349997993558645e-02,1.177000231109559536e-04,3.786320000654086471e-02,1.351973739597014301e+01,1.000000000000000000e+00,5.581301567537988717e+01,1.865783713354939266e+01,2.442178761789696451e-01,1.427758309211933252e+01,1.850000000000000000e+01,1.165951848753216780e+00,1.079584216441007438e+00,1.577127555220639366e+01,2.000000000000000000e+01,2.883070681109720645e+00,2.130856514423910664e+00,5.000000000000000000e+00,4.295646458152729608e+00,4.110904797011718514e+00,5.141160703632463580e-02,4.992295982878741656e-02
8.800000000000000000e+01,9.685583878394832258e-02,5.159851244333407694e-03,1.930672175471991351e-03,2.674727890697353987e-03,8.045971296327357747e-01,2.579925622166703847e-03,5.792016526415973837e-03,8.024183672092061528e-03,8.045971296327358857e-02,1.128254999639466405e-01,2.725019998615607619e-02,4.770989995449781418e-02,7.070001447573304176e-05,3.777880000416189432e-02,8.694257715890481464e+00,1.000000000000000000e+00,5.897254822087401749e+01,1.515951625165353178e+01,5.622329574221168746e-01,1.407381979797787253e+01,1.761210728406020110e+01,1.637562888716078247e+00,3.000000000000000000e+00,1.080663644077999663e+01,2.241630690427633521e+00,2.572407151526040714e+00,3.019764761622083515e+00,5.000000000000000000e+00,4.803823407374271603e+00,2.061565851539832295e+00,5.436737093606797133e-02,9.972873899101952766e-03
8.900000000000000000e+01,1.467603147772720273e-01,4.725487428273934115e-03,1.645659491485721316e-03,2.225715290447417925e-03,1.327834467173356403e+00,2.362743714136967058e-03,4.936978474457164381e-03,6.677145871342254208e-03,1.327834467173356348e-01,1.026061000302433968e-01,2.299740002490580082e-02,5.036749999271705747e-02,1.261000288650393486e-04,2.909540000837296247e-02,5.235962057387143709e+00,9.379018363716445927e-01,4.500000000000000000e+01,1.953306796841448190e+01,3.772447275312521692e-02,1.336812126957748426e+01,1.792002441645191624e+01,1.650427972969923385e+00,1.481674780861162444e-01,0.000000000000000000e+00,2.000000000000000000e+01,2.867003127471588808e+00,4.527258356493955915e+00,3.293131731963597986e+00,2.960300862567236013e+00,2.999193931815229863e+00,-1.146906673775251739e-01,8.336013428169203321e-02
9.000000000000000000e+01,1.074594043199363635e-01,6.217130974832251779e-03,1.948184959224317538e-03,2.691906702847431283e-03,9.043056384630497879e-01,3.108565487416125889e-03,5.844554877672952613e-03,8.075720108542294717e-03,9.043056384630498989e-02,1.102606999920681119e-01,2.740459999768063426e-02,5.071079998742789030e-02,7.879995973780751228e-05,3.204879997065290809e-02,1.312806936509490363e+01,3.821632452382046907e-02,4.697883659570172199e+01,2.761535865089411246e+01,8.734722060675798039e-01,1.489971386018735622e+01,1.785175550552153823e+01,7.243297457805263351e-01,1.268262056888918021e+00,1.759649298989787880e+01,1.651969735685090868e+01,2.539874916993230425e+00,2.691775180538796164e+00,5.000000000000000000e+00,5.000000000000000000e+00,2.359773416190147799e+00,-1.864257095110142259e-01,9.966721053969901378e-02
9.100000000000000000e+01,2.709742435962804105e-02,9.876265297419834811e-04,9.860816931981162929e-04,1.665367839398502808e-03,1.864926249696719218e-01,4.938132648709917406e-04,2.958245079594348879e-03,4.996103518195508207e-03,1.864926249696719288e-02,1.115219000494107604e-01,2.702889998909085989e-02,4.887210001470521092e-02,8.150003850460052490e-05,3.551970003172755241e-02,1.423861067846043404e+01,1.000000000000000000e+00,4.636054896344495546e+01,1.468291550358201469e+01,8.149914402764909527e-01,1.453638804259529671e+01,1.814321165736827624e+01,1.128031233436064706e+00,1.529632100757247315e+00,1.369766437388180691e+01,1.764023355615283961e+01,3.060572074299093170e+00,4.978386586044470263e+00,5.000000000000000000e+00,2.688551231344989745e+00,2.859262441896562645e+00,2.999999999999999889e-01,1.727514581993783160e-01
9.200000000000000000e+01,1.073050740735504854e-01,4.353218919607398756e-03,8.677041262128167400e-04,1.370833464226596955e-03,9.841285184242853923e-01,2.176609459803699378e-03,2.603112378638450328e-03,4.112500392679791297e-03,9.841285184242853923e-02,1.618744000443257391e-01,4.375740000978112221e-02,7.401829998707398772e-02,1.451999996788799763e-04,4.392860003281384706e-02,1.500000000000000000e+01,4.281320467722242173e-01,5.837412600062818058e+01,9.976084652100043471e+00,6.215018505830606221e-01,1.418088196315442495e+01,1.843868516850154649e+01,5.007287513413942737e-01,2.824670653098838025e-01,1.967318838687666371e+01,1.265080529210611182e+01,4.369599788928971940e+00,2.300726807426146880e+00,5.000000000000000000e+00,5.000000000000000000e+00,3.911761465085670242e+00,-1.397437487587088745e-02,1.119412632919836725e-01
9.300000000000000000e+01,6.277325603010315558e-02,3.651192926609342793e-03,1.766819144888643386e-03,2.564936927865602793e-03,4.795239134853574448e-01,1.825596463304671397e-03,5.300457434665929723e-03,7.694810783596808812e-03,4.795239134853574586e-02,1.104271999793127179e-01,2.394910005386918783e-02,5.200870003318414092e-02,8.200004231184720993e-05,3.437009995104745030e-02,1.182713580365752470e+01,1.000000000000000000e+00,5.249761732090016864e+01,1.573797577168712181e+01,2.995874185477496177e-01,1.461358852145332143e+01,1.825260183950774717e+01,1.244073789809754471e+00,1.784671584825568313e+00,0.000000000000000000e+00,2.000000000000000000e+01,3.508019918854640373e+00,4.925938991418665758e+00,3.317746891145036514e+00,2.991533480729220873e+00,2.000133745234085492e+00,1.412696882752336736e-01,-2.968908635567628629e-01
9.400000000000000000e+01,3.412762958546349673e-02,9.029502047511692511e-03,2.404309443824332194e-03,2.647703894203679367e-03,1.445683854762361553e-01,4.514751023755846256e-03,7.212928331472997015e-03,7.943111682611038102e-03,1.445683854762361623e-02,1.168432999984361231e-01,2.958609996130689979e-02,4.887800000142306089e-02,7.960002403706312180e-05,3.828360000625252724e-02,1.271423318496588806e+01,1.000000000000000000e+00,6.500000000000000000e+01,1.791717797924523481e+01,4.395556267981184928e-01,1.486493166574474323e+01,1.825656017207410997e+01,1.166597844950129748e+00,1.990665988621933113e+00,1.881810386503120824e+01,2.000000000000000000e+01,2.003153503981430994e+00,2.493215144453710064e+00,3.739604604649966024e+00,4.526565800951523499e+00,4.554228412746905263e+00,1.303896865205261268e-01,1.393532699013155796e-02
9.500000000000000000e+01,2.265789065143090225e-02,2.009700218875990797e-03,9.451373874952610039e-04,1.621140082722678398e-03,1.395420813133908811e-01,1.004850109437995399e-03,2.835412162485782903e-03,4.863420248168034976e-03,1.395420813133908811e-02,1.289693000144325197e-01,3.402199997799471021e-02,5.708329996559768915e-02,8.500000694766640663e-05,3.775359998689964414e-02,1.500000000000000000e+01,1.000000000000000000e+00,5.708097829902660436e+01,8.778510237900748692e+00,8.779283890377889144e-01,1.717979114754831826e+01,1.729044918722696522e+01,9.227580718491654732e-01,2.092552271431585176e+00,3.900000000000000000e+01,2.000000000000000000e+01,3.368565073482767680e+00,4.159955181405822877e+00,5.000000000000000000e+00,2.863160578062847961e+00,4.119836841950479389e+00,-2.999999999999999889e-01,-2.999999999999999889e-01
9.600000000000000000e+01,8.768805817101731070e-02,5.810163275142578125e-03,1.483027462609204676e-03,1.952228490076525448e-03,7.447720867538882850e-01,2.905081637571289063e-03,4.449082387827613810e-03,5.856685470229576126e-03,7.447720867538883127e-02,1.114826999837532640e-01,2.455209998879581690e-02,5.325330002233386040e-02,1.113999751396477222e-04,3.354579996084794402e-02,1.500000000000000000e+01,1.000000000000000000e+00,5.778412326924505749e+01,2.366646176087701114e+00,8.748957127676610934e-01,1.850000000000000000e+01,1.782913408641081077e+01,1.158603003905895636e-02,3.000000000000000000e+00,3.572947072202723007e+01,2.000000000000000000e+01,4.421849548654606110e+00,3.933855391300136617e+00,5.000000000000000000e+00,2.052995813137759029e+00,2.047136020960139025e+00,-2.999999999999999889e-01,-2.999999999999999889e-01
9.700000000000000000e+01,3.856920115652098108e-02,4.833033409830408793e-03,2.279281179511518686e-03,2.960737387380579615e-03,2.043262875092947961e-01,2.416516704915204396e-03,6.837843538534556058e-03,8.882212162141737977e-03,2.043262875092947961e-02,2.311229000333696604e-01,4.369469999801367521e-02,8.996509999269619584e-02,1.470999559387564659e-04,9.728250000625848770e-02,1.500000000000000000e+01,1.000000000000000000e+00,4.618791863145153087e+01,1.010000000000000009e+00,7.548305719169532413e-01,1.636746557876341868e+01,1.751029411974018402e+01,1.035899830725348636e+00,3.431010263164457202e-03,3.900000000000000000e+01,2.000000000000000000e+01,4.447357741441289036e+00,3.939573258790863175e+00,5.000000000000000000e+00,3.620613634873307340e+00,1.419193596315092565e+00,2.999999999999999889e-01,-2.999999999999999889e-01
9.800000000000000000e+01,3.056944510393176315e-02,5.735072373786996927e-03,2.444761419735247149e-03,3.209480125136966993e-03,1.073918428242162104e-01,2.867536186893498464e-03,7.334284259205741882e-03,9.628440375410900545e-03,1.073918428242162139e-02,1.292052000062540174e-01,3.004990000044927001e-02,5.376460001571103930e-02,7.050001295283436775e-05,4.530030005844309926e-02,1.500000000000000000e+01,1.000000000000000000e+00,4.842683983030609340e+01,5.185039116833245032e+00,5.489013787333772987e-01,1.553417702430780523e+01,1.745720038992158152e+01,1.270098730337849924e+00,1.252318671766894820e+00,2.060018477351047750e+01,2.000000000000000000e+01,4.008201314571355312e+00,4.311018857988179853e+00,5.000000000000000000e+00,3.171037358379116711e+00,2.315494622891480780e+00,2.439054363162898587e-01,-5.714965824143822259e-02
9.900000000000000000e+01,5.020567059121054665e-02,4.168141302372837913e-03,1.560375568303936592e-03,2.210296917752461749e-03,3.680958248185492998e-01,2.084070651186418956e-03,4.681126704911810210e-03,6.630890753257385681e-03,3.680958248185493137e-02,1.369988000369630754e-01,3.292680002050474286e-02,5.339700001059100032e-02,1.226000022143125534e-04,5.053289997158572078e-02,1.500000000000000000e+01,1.000000000000000000e+00,5.440386254467909311e+01,1.922120646556169987e+01,9.667014832205457209e-01,1.758174636575271421e+01,1.645880758372486952e+01,7.313489931878446315e-01,1.937793393406492370e+00,3.900000000000000000e+01,2.000000000000000000e+01,4.688422291101003836e+00,4.693588069757930192e+00,5.000000000000000000e+00,2.715342419050307932e+00,2.900675987498570141e+00,-2.999999999999999889e-01,-2.999999999999999889e-01
1.000000000000000000e+02,1.890173227700222836e-01,9.410724041234646425e-03,1.765961512650745776e-03,1.995357934865799911e-03,1.730280024068552969e+00,4.705362020617323213e-03,5.297884537952237544e-03,5.986073804597399732e-03,1.730280024068553135e-01,1.201237999484874308e-01,2.416079997783526778e-02,5.709499999647960067e-02,1.166999572888016701e-04,3.873060003388673067e-02,1.432631020946900158e+01,9.510810299068949147e-01,6.443494142041676298e+01,1.600170794955096909e+01,5.830717444682115280e-01,1.850000000000000000e+01,1.525698216762442705e+01,0.000000000000000000e+00,1.884439919479929060e+00,0.000000000000000000e+00,1.000000000000000000e+00,3.439106774554096191e+00,2.306226424512865414e+00,5.000000000000000000e+00,2.085978762410165555e+00,4.426823597019506451e+00,2.999999999999999889e-01,-2.999999999999999889e-01
1.010000000000000000e+02,9.168322554601168739e-02,1.022992442237966558e-02,1.837761049918385436e-03,2.547584794339039730e-03,7.341222580204956882e-01,5.114962211189832790e-03,5.513283149755156091e-03,7.642754383017119624e-03,7.341222580204957715e-02,1.132625000318512321e-01,2.496420004172250628e-02,5.341209995094686747e-02,2.232000115327537060e-04,3.464360005455091596e-02,4.902156038167458263e+00,6.075002164545071359e-01,5.008152354368077397e+01,1.010000000000000009e+00,5.957892321627044074e-01,1.572518136123438381e+01,1.545277602478188683e+01,1.080179473553531277e+00,2.900331374458513967e+00,1.019243620561501196e+00,1.659662275793539266e+01,2.770201325409546556e+00,5.000000000000000000e+00,4.391195754802469153e+00,3.744511451817514658e+00,3.460934037122112894e+00,-2.660692999207385223e-01,-6.030840422035343984e-02
1.020000000000000000e+02,3.535877059499362846e-02,4.593320924536309184e-03,1.926640706160228679e-03,2.415408941177453646e-03,2.003596119071242576e-01,2.296660462268154592e-03,5.779922118480686037e-03,7.246226823532360937e-03,2.003596119071242646e-02,1.282235999824479222e-01,2.819529996486380696e-02,5.216929997550323606e-02,1.167000154964625835e-04,4.772309999680146575e-02,1.500000000000000000e+01,1.000000000000000000e+00,4.770047004164440807e+01,1.010000000000000009e+00,4.404552940641199288e-01,1.850000000000000000e+01,1.693835401305602417e+01,1.043683918122462195e+00,5.825116369240832676e-02,3.900000000000000000e+01,2.000000000000000000e+01,2.261275940195321077e+00,3.520052411454505759e+00,5.000000000000000000e+00,3.599178476517775671e+00,3.863740435908414650e+00,-2.999999999999999889e-01,2.291677029766270857e-01
1.030000000000000000e+02,1.411145184278974826e-02,2.623127162276528857e-03,1.927759797900222645e-04,3.876781850441852941e-04,1.105852576714886071e-01,1.311563581138264429e-03,5.783279393700667664e-04,1.163034555132555882e-03,1.105852576714886140e-02,1.218634999822825193e-01,2.633439999772235751e-02,6.052009999984875321e-02,1.103000249713659286e-04,3.486320003867149353e-02,1.194132070095215425e+01,1.000000000000000000e+00,5.295927440000335196e+01,1.010000000000000009e+00,7.418431973702142024e-01,1.439645544788276865e+01,1.827069864604956706e+01,1.441463785871165637e+00,1.566054306432149268e+00,1.717251063779846731e+01,1.456864417619108742e+01,4.631547650737902089e+00,4.969639337572225202e+00,4.559347564283076082e+00,3.848401092738899631e+00,1.000000000000000000e+00,1.400204483630341223e-01,9.635273653987547204e-02
1.040000000000000000e+02,1.122759884748464471e-01,6.459276044703040655e-03,1.932222015273116471e-03,2.529672688351262012e-03,9.566066634162178062e-01,3.229638022351520327e-03,5.796666045819348981e-03,7.589018065053786469e-03,9.566066634162179172e-02,1.079123999807052314e-01,2.588139998260885477e-02,5.087789997924119234e-02,8.920003892853856087e-05,3.104630002053454518e-02,1.500000000000000000e+01,1.000000000000000000e+00,6.358303060478540658e+01,1.938122859824845179e+01,9.231310079579613248e-01,1.831492940612374554e+01,1.718005495813016381e+01,1.331406430313260225e+00,2.056618585710088265e+00,3.900000000000000000e+01,2.000000000000000000e+01,2.531122504598736001e+00,2.000000000000000000e+00,4.124306053047796183e+00,4.325123494536300406e+00,3.191980192759504398e+00,-5.045255448147065169e-02,-3.507490414740699336e-02
1.050000000000000000e+02,5.188466181069605054e-02,2.934897879870862480e-03,1.074927562553130425e-03,1.255529459408990687e-03,4.342584180487425449e-01,1.467448939935431240e-03,3.224782687659391057e-03,3.766588378226971845e-03,4.342584180487425727e-02,1.150870000128634274e-01,2.622590004466474056e-02,5.012930004158988595e-02,1.410999684594571590e-04,3.856610006187111139e-02,1.328091726237563108e+01,1.000000000000000000e+00,5.799265002902073007e+01,1.010000000000000009e+00,9.100888737304347886e-01,1.473078140186445495e+01,1.826998930382787734e+01,1.940767203545185504e+00,3.000000000000000000e+00,1.485553565996791647e+01,6.681514355396648952e+00,4.397732712039450931e+00,5.000000000000000000e+00,5.000000000000000000e+00,3.826793033448056658e+00,2.679036135213981318e+00,-2.129111566532297384e-01,5.055420471356769641e-02
1.060000000000000000e+02,5.549689275502633912e-02,5.596794646365671477e-03,1.501765215199947229e-03,2.052437377719778036e-03,4.203588765308431952e-01,2.798397323182835739e-03,4.505295645599842122e-03,6.157312133159334108e-03,4.203588765308432368e-02,1.164456999977119267e-01,2.472369995666667819e-02,5.742919998010620475e-02,1.596000511199235916e-04,3.411109995795413852e-02,1.181293114291079149e+01,1.000000000000000000e+00,5.858162219157846096e+01,1.133965695700105236e+01,9.253797953761350170e-01,1.453229644130196618e+01,1.808898084246875371e+01,1.471921623471535323e+00,1.673723563395604241e+00,1.592039386240122134e+01,1.597878946290427571e+01,3.577562612232676464e+00,5.000000000000000000e+00,2.871659619886968162e+00,3.817436992030619258e+00,4.684785495807179956e+00,-1.960841064794290323e-01,-2.661620457508850901e-01
1.070000000000000000e+02,5.898545788984137922e-02,4.677571038665320237e-03,1.807787163471838649e-03,2.580126537317804260e-03,4.348293126813978504e-01,2.338785519332660118e-03,5.423361490415516163e-03,7.740379611953412779e-03,4.348293126813979059e-02,1.807068000198341906e-01,3.484490001574158669e-02,7.916760002262890339e-02,1.944999676197767258e-04,6.646580004598945379e-02,1.115095708194492019e+01,1.000000000000000000e+00,5.025529470921079422e+01,1.010000000000000009e+00,0.000000000000000000e+00,1.475281326847921903e+01,1.816290336740542699e+01,1.368141589182865880e+00,3.000000000000000000e+00,1.675076743403503698e+01,1.850997658304658344e+01,3.608639500819752044e+00,4.425805732919057434e+00,5.000000000000000000e+00,4.026560466659292459e+00,2.933745412672358110e+00,2.281215861875930950e-01,-1.968872004771003437e-01
1.080000000000000000e+02,4.335283910463179347e-02,4.807663249856893202e-03,2.101277247126295041e-03,2.831139490688783754e-03,2.615175726625810770e-01,2.403831624928446601e-03,6.303831741378884690e-03,8.493418472066350394e-03,2.615175726625811048e-02,1.510211999993771315e-01,3.073469997616484761e-02,6.957859999965876341e-02,7.609999738633632660e-05,5.060239997692406178e-02,1.267447632310875960e+01,5.969548791535657373e-02,5.525448053741794041e+01,1.010000000000000009e+00,3.978063277563103073e-01,1.743936965233023528e+01,1.692170219159686084e+01,7.445990372887724140e-01,1.137141720752296470e+00,3.900000000000000000e+01,1.545131164445287553e+01,3.722463355878351532e+00,3.082651613620365882e+00,5.000000000000000000e+00,2.699614454863323854e+00,2.873558150157944802e+00,-2.999999999999999889e-01,-2.999999999999999889e-01
1.090000000000000000e+02,2.764557773156947965e-02,5.093479162191509070e-03,1.895759075292144163e-03,2.613397640793975116e-03,1.157136800221536671e-01,2.546739581095754535e-03,5.687277225876432273e-03,7.840192922381925347e-03,1.157136800221536706e-02,1.029559000162407756e-01,2.427659998647868633e-02,4.760360001819208264e-02,1.196999801322817802e-04,3.093489998718723655e-02,1.500000000000000000e+01,1.000000000000000000e+00,6.119239616245202029e+01,9.727885692742020751e+00,9.976352507352257391e-04,1.430389045891873145e+01,1.850000000000000000e+01,1.560007008436527620e+00,1.933331101524589979e+00,1.482583343968181033e+01,2.000000000000000000e+01,4.472654761055788519e+00,2.056251874066989060e+00,5.000000000000000000e+00,2.348392812481211234e+00,4.907277859221105487e+00,4.845403670751013969e-02,2.999999999999999889e-01
1.100000000000000000e+02,5.245540939697030530e-02,2.171706344092462666e-03,6.586988780638869953e-04,8.532581156185334867e-04,4.683368524387681031e-01,1.085853172046231333e-03,1.976096634191661094e-03,2.559774346855600569e-03,4.683368524387681447e-02,1.089314999990165234e-01,2.971350000007078052e-02,4.920000000856816769e-02,1.202999847009778023e-04,2.987480000592768192e-02,1.187085869450553766e+01,1.000000000000000000e+00,4.559717115479765681e+01,6.687944789154447456e+00,3.102051196598563654e-01,1.461446126902744780e+01,1.786562022131719019e+01,1.348350098884932180e+00,1.851884252762220795e+00,7.852302460661923611e+00,1.751112325728091790e+01,3.757006891124478276e+00,3.809368877611046145e+00,5.000000000000000000e+00,4.714783352594149157e+00,4.820010899271810700e+00,3.903650882818227030e-02,2.197493871931130438e-01
1.110000000000000000e+02,2.580498909759255596e-02,2.261076865798503088e-03,6.426531274187793864e-04,9.910330577306406853e-04,1.977339210924504431e-01,1.130538432899251544e-03,1.927959382256338051e-03,2.973099173191922056e-03,1.977339210924504431e-02,1.114632000681012869e-01,2.354850003030151129e-02,4.776509996736422181e-02,1.195000368170440197e-04,3.996979992371052504e-02,1.334127017381624469e+01,1.000000000000000000e+00,4.500000000000000000e+01,7.659599177746086340e+00,6.709923178865146998e-01,1.723093738087801086e+01,1.757710189670507361e+01,8.468055184371428012e-01,1.530357715557332021e+00,3.453331316777108384e+01,9.875980651015886735e+00,4.694346167104761491e+00,3.865815359402365647e+00,5.000000000000000000e+00,3.849191178436609295e+00,3.987537438863481665e+00,-2.999999999999999889e-01,1.439789030151111815e-02
1.120000000000000000e+02,3.616886974582480402e-02,8.763003468269834478e-03,1.494645206820829518e-03,1.892528228986346253e-03,2.162584770426835834e-01,4.381501734134917239e-03,4.483935620462488336e-03,5.677584686959038542e-03,2.162584770426835903e-02,1.147699999855831265e-01,2.482969994889572263e-02,5.564059998141601682e-02,1.027000253088772297e-04,3.417930001160129905e-02,1.008843296830715097e+01,1.000000000000000000e+00,6.500000000000000000e+01,2.202695683737918486e+01,1.000000000000000000e+00,1.437182757187981608e+01,1.850000000000000000e+01,1.467572136220903989e+00,1.820076080088850912e+00,3.900000000000000000e+01,1.991137567794330820e+01,4.978682507800334278e+00,3.855254674404323900e+00,5.000000000000000000e+00,2.905764243332696672e+00,4.929764301688233097e+00,2.999999999999999889e-01,2.999999999999999889e-01
1.130000000000000000e+02,2.721869616899426012e-02,3.220113454236525705e-03,1.957113455658176029e-03,2.829906065942135087e-03,1.124758087707506404e-01,1.610056727118262853e-03,5.871340366974528088e-03,8.489718197826404827e-03,1.124758087707506543e-02,1.269898000173270702e-01,3.049549995921552181e-02,5.471529997885227203e-02,1.239000121131539345e-04,4.163180000614374876e-02,1.500000000000000000e+01,7.135956396524620327e-02,4.500000000000000000e+01,1.098016791655425273e+01,6.277917620550992339e-01,1.850000000000000000e+01,1.663713941871287361e+01,0.000000000000000000e+00,1.328868583974658790e+00,3.900000000000000000e+01,1.555936086150309272e+01,2.224529718218146712e+00,4.067001298003479093e+00,5.000000000000000000e+00,2.817407256362340906e+00,1.474972575350853132e+00,-2.999999999999999889e-01,-2.564513960383308921e-01
1.140000000000000000e+02,1.980453640212346059e-02,1.223302874328139516e-03,1.593861503776798942e-04,3.227996502730426853e-04,1.774632756300722203e-01,6.116514371640697579e-04,4.781584511330396825e-04,9.683989508191280559e-04,1.774632756300722342e-02,1.542342000175267458e-01,2.531200001249089837e-02,5.597719998331740499e-02,1.260999706573784351e-04,7.279610005207359791e-02,1.500000000000000000e+01,1.000000000000000000e+00,4.500000000000000000e+01,1.203518284864092358e+01,1.782124123817043493e-01,1.759223002238489642e+01,1.694493355554379477e+01,0.000000000000000000e+00,0.000000000000000000e+00,3.900000000000000000e+01,3.594202380402651720e+00,4.716709513599118608e+00,2.734275593543439964e+00,5.000000000000000000e+00,2.161418495782669424e+00,3.826197440561207141e+00,-8.189300217694334139e-02,1.882730080388195226e-02
1.150000000000000000e+02,1.034871813649250599e-01,6.841749633975056748e-03,1.619985285759840488e-03,2.243006151787218291e-03,8.847733223529634650e-01,3.420874816987528374e-03,4.859955857279521681e-03,6.729018455361654438e-03,8.847733223529635760e-02,1.007057999959215522e-01,2.497610001591965556e-02,4.693270003190264106e-02,7.069995626807212830e-05,2.870969992363825440e-02,5.757963552429797183e+00,1.000000000000000000e+00,4.500000000000000000e+01,1.731722512976272554e+01,1.000000000000000000e+00,1.430194797281740904e+01,1.790314645987546882e+01,1.796829250185973059e+00,2.771159993950041311e+00,3.029469925741108582e+01,1.589591533647193966e+00,4.361132987573400399e+00,4.964204037573832551e+00,5.000000000000000000e+00,3.589216652343251379e+00,4.323859318338062252e+00,-2.773188452693666761e-01,2.734029625441391498e-01
1.160000000000000000e+02,1.737104380911828200e-02,1.345905236590889129e-03,4.040956967015586808e-04,6.150430033353399386e-04,1.364067509071213991e-01,6.729526182954445645e-04,1.212287090104676151e-03,1.845129010006019924e-03,1.364067509071214060e-02,1.345821999711915851e-01,3.357290005078539252e-02,5.283779994351789355e-02,1.185000292025506496e-04,4.803370003355666995e-02,1.115705852195386427e+01,8.333270453094298036e-01,4.500000000000000000e+01,1.302996158893980372e+01,2.357987780968459623e-01,1.850000000000000000e+01,1.637405434966241202e+01,0.000000000000000000e+00,0.000000000000000000e+00,3.900000000000000000e+01,1.749543172973427829e+01,3.553242298253240783e+00,3.608349773171525499e+00,5.000000000000000000e+00,5.000000000000000000e+00,2.949204550241709466e+00,-2.999999999999999889e-01,-1.860447656049657450e-02
1.170000000000000000e+02,8.483565100806776671e-02,6.004076418137924143e-03,1.056184750011634772e-03,1.454532594973759630e-03,7.430146076404261501e-01,3.002038209068962071e-03,3.168554250034904315e-03,4.363597784921279324e-03,7.430146076404262057e-02,1.185736000770702958e-01,2.925110002979636192e-02,5.290259997127577662e-02,8.470000466331839561e-05,3.631539997877553105e-02,1.281472602261271021e+01,3.640788658472997041e-01,4.500000000000000000e+01,2.532687751780261110e+01,1.426611722652772196e-01,1.850000000000000000e+01,1.642636095003645380e+01,0.000000000000000000e+00,0.000000000000000000e+00,3.900000000000000000e+01,7.692732186219831902e+00,4.793976084001418059e+00,4.902321566583036194e+00,5.000000000000000000e+00,3.013574196175501818e+00,3.170033247516701902e+00,1.771727268583800918e-01,2.393902085717178330e-01
1.180000000000000000e+02,3.076314719678132845e-02,5.682421090002593052e-03,1.444324975659440477e-03,2.072869963660240334e-03,1.737035183382099057e-01,2.841210545001296526e-03,4.332974926978321213e-03,6.218609890980721436e-03,1.737035183382099057e-02,1.009900000062771142e-01,2.252020000014454126e-02,4.822709999280050397e-02,1.046999823302030563e-04,3.012009995291009545e-02,1.426863457139719671e+01,8.452145007329331383e-01,4.603371038926573533e+01,1.010000000000000009e+00,1.093583481119776574e-01,1.729183569350755789e+01,1.693823917933339374e+01,1.533277896601457635e-01,0.000000000000000000e+00,2.896229963676604413e+01,1.000000000000000000e+00,3.786393781361444777e+00,4.486921277039748190e+00,2.793915968352627566e+00,4.119563097171099919e+00,1.807105502740633529e+00,1.491490204301322287e-01,-2.711119639738009401e-01
1.190000000000000000e+02,3.011705184999425439e-02,5.405256851361431650e-03,1.480442847334600487e-03,2.193651352771662597e-03,1.639214082399474970e-01,2.702628425680715825e-03,4.441328542003801678e-03,6.580954058314988225e-03,1.639214082399475039e-02,1.096960999420844018e-01,2.431290003005415201e-02,5.070319998776540160e-02,1.264000311493873596e-04,3.453289996832609177e-02,1.500000000000000000e+01,1.000000000000000000e+00,4.500000000000000000e+01,1.010000000000000009e+00,3.164618302835996988e-01,1.797159272209426817e+01,1.684088812987054595e+01,0.000000000000000000e+00,0.000000000000000000e+00,3.793061577002619345e+01,1.295071256194725606e+01,4.670533226835860141e+00,2.762575137271860548e+00,5.000000000000000000e+00,4.325900857793294918e+00,4.011705392580307006e+00,-2.999999999999999889e-01,-2.999999999999999889e-01
1.200000000000000000e+02,3.332920366996679207e-02,8.843285409887564202e-03,2.479522462965411296e-03,2.905622693828054971e-03,1.275212549464260769e-01,4.421642704943782101e-03,7.438567388896233888e-03,8.716868081484165781e-03,1.275212549464260769e-02,1.275933000724762678e-01,3.770779998740181327e-02,5.390629998873919249e-02,1.495000324212014675e-04,3.580129996407777071e-02,1.500000000000000000e+01,1.000000000000000000e+00,6.500000000000000000e+01,2.745139519219821356e+00,9.307259025538314745e-01,1.442907004683796757e+01,1.850000000000000000e+01,1.119447317758827776e+00,1.398246059087043136e+00,1.897050409662174175e+01,2.000000000000000000e+01,2.092600717840180646e+00,4.081956836895197505e+00,5.000000000000000000e+00,2.627731870207481890e+00,1.081106364110662632e+00,2.999999999999999889e-01,1.371227665709410237e-01
